abducens nerve (Heister, 1717), VIn
abducens nerve central root (>1840), VIc
abducens nerve central rootlets (>1840), VIcr
abducens nerve root (>1840), VIr
abducens nerve rootlets (>1840), VIrl
abducens nerve trunk (>1840), VIt
abducens nucleus (>1840), VI
accessory abducens nucleus (>1840), ACVI
accessory cuneate nucleus (>1840), ACU
accessory facial nucleus (>1840), ACVII
accessory nerve (Vieussens, 1684), XIn
accessory nerve trunk (Wrisberg, 1786), XIt
accessory olfactory bulb (>1840), AOB
accessory olfactory bulb glomerular layer (>1840), AOBgl
accessory olfactory bulb granular layer (>1840), AOBgr
accessory olfactory bulb mitral layer (>1840), AOBmi
accessory olfactory bulb vomeronasal nerve layer (>1840), AOBnl
accessory olfactory tract (Scalia & Winans, 1975), aolt
accessory phrenic nerve (>1840), phna
accumbens nucleus (Ziehen, 1897-1901), ACB
adrenal plexus (>1840), adpl
afterbrain (Baer, 1837), AFB
afterbrain vesicle (Baer, 1837), ABV
agranular insular areas (Swanson, 2018), AI
alar plate (>1840), APL
alveus (Burdach, 1822), alv
ambiguus nucleus dorsal division (>1840), AMBd
ambiguus nucleus ventral division (>1840), AMBv
Ammon’s horn (Vicq d’Azyr, 1784), CA
Ammon’s horn field CA1 (Lorente de Nó, 1934), CA1
Ammon’s horn field CA1 dorsal part (Risold & Swanson, 1996), CA1d
Ammon’s horn field CA1 dorsal part deep pyramidal layer (>1840), CA1d-spd
Ammon’s horn field CA1 dorsal part stratum lacunosum-moleculare (>1840), CA1d-slm
Ammon’s horn field CA1 dorsal part stratum oriens (>1840), CA1d-so
Ammon’s horn field CA1 dorsal part stratum radiatum (>1840), CA1d-sr
Ammon’s horn field CA1 dorsal part superficial pyramidal layer (>1840), CA1d-sps
Ammon’s horn field CA1 ventral part (Risold & Swanson, 1996), CA1v
Ammon’s horn field CA1 ventral part deep pyramidal layer (>1840), CA1v-spd
Ammon’s horn field CA1 ventral part stratum lacunosum-moleculare (>1840), CA1v-slm
Ammon’s horn field CA1 ventral part stratum oriens (>1840), CA1v-so
Ammon’s horn field CA1 ventral part stratum radiatum (>1840), CA1v-sr
Ammon’s horn field CA1 ventral part superficial pyramidal layer (>1840), CA1v-sps
Ammon’s horn field CA2 (Lorente de Nó, 1934), CA2
Ammon’s horn field CA2 pyramidal layer (>1840), CA2sp
Ammon’s horn field CA2 stratum lacunosum-moleculare (>1840), CA2slm
Ammon’s horn field CA2 stratum oriens (>1840), CA2so
Ammon’s horn field CA2 stratum radiatum (>1840), CA2sr
Ammon’s horn field CA3 (Lorente de Nó, 1934), CA3
Ammon’s horn field CA3 pyramidal layer (>1840), CA3sp
Ammon’s horn field CA3 stratum lacunosum-moleculare (>1840), CA3slm
Ammon’s horn field CA3 stratum lucidum (>1840), CA3slu
Ammon’s horn field CA3 stratum oriens (>1840), CA3so
Ammon’s horn field CA3 stratum radiatum (>1840), CA3sr
amygdalar capsule (Swanson, 1998), amc
amygdalar ridge (>1840), AMR
angular bundle (>1840), ab
anococcygeal nerves (>1840), acnn
ansa cervicalis (>1840), anc
ansa cervicalis proper (>1840), ancp
ansa subclavia (Neubauer, 1772), ansc
ansoparamedian fissure (>1840), apf
anterior ampullary nerve (>1840), aamn
anterior amygdalar area (Gurdjian, 1928), AAA
anterior auricular nerves (>1840), aan
anterior branch of great auricular nerve (Bock, 1827), gana
anterior branch of lateral cutaneous branch of intercostal nerves (>1840), icnla
anterior branch of mandibular nerve (>1840), mdba
anterior branch of obturator nerve (Haase, 1781; Martin, 1781), obta
anterior cerebellar notch (Chaussier, 1807), acn
anterior cerebral artery plexus (Chaussier, 1789), acpl
anterior cingulate area (Brodmann, 1909), ACA
anterior cingulate area dorsal part (Krettek & Price, 1977a), ACAd
anterior cingulate area dorsal part layers 1-6 (>1840), ACAd1-6
anterior cingulate area ventral part (Krettek & Price, 1977a), ACAv
anterior cingulate area ventral part layers 1-6 (>1840), ACAv1-6
anterior commissure (Lieutaud, 1742), ac
anterior cutaneous branch of iliohypogastric nerve (>1840), ihna
anterior cutaneous branch of intercostal nerves (>1840), icna
anterior esophageal plexus (Haller, 1762), espa
anterior ethmoidal nerve (>1840), aen
anterior horn of lateral ventricle (Bell, 1803b), VLa
anterior hypothalamic area (>1840), AHA
anterior hypothalamic nucleus (>1840), AHN
anterior hypothalamic nucleus anterior part (>1840), AHNa
anterior hypothalamic nucleus central part (>1840), AHNc
anterior hypothalamic nucleus dorsal part (>1840), AHNd
anterior hypothalamic nucleus posterior part (>1840), AHNp
anterior interosseous nerve (Quain, 1832), aio
anterior labial nerves (>1840), ala
anterior laterolateral visual area (Thomas & Espinoza, 1987), VISlla
anterior laterolateral visual area layers 1-6 (>1840), VISlla1-6
anterior olfactory area (Herrick, 1910), AOA
anterior olfactory area external part (>1840), AOAe
anterior olfactory area external part molecular layer (>1840), AOAe1
anterior olfactory area external part pyramidal layer (>1840), AOAe2
anterior olfactory area principal part (Swanson, 2018), AOApr
anterior olfactory area principal part molecular layer (>1840), AOApr1
anterior olfactory area principal part pyramidal layer (>1840), AOApr2
anterior pretectal nucleus (>1840), APN
anterior scrotal nerves (>1840), asc
anterior superior dental nerve (Haller, 1762), asd
anterior tegmental nucleus (Paxinos & Butcher, 1985), AT
anterior thalamic nuclei (>1840), ATN
anterior vagal trunk (Wrisberg, 1780), vtra
anterodorsal preoptic nucleus (Simerly et al., 1984), ADP
anterodorsal thalamic nucleus (>1840), AD
anterolateral visual area (Olavarria & Torrealba, 1978), VISal
anterolateral visual area layers 1-6 (>1840), VISal1-6
anteromedial thalamic nucleus (>1840), AM
anteromedial thalamic nucleus dorsal part (Canteras & Swanson, 1992a), AMd
anteromedial thalamic nucleus ventral part (Canteras & Swanson, 1992a), AMv
anteromedial visual area (Espinoza & Thomas, 1983), VISam
anteromedial visual area layers 1-6 (>1840), VISam1-6
anteroventral periventricular nucleus (Simerly et al., 1984), AVPV
anteroventral preoptic nucleus (Simerly et al., 1984), AVP
anteroventral thalamic nucleus (>1840), AV
aorticorenal ganglion (>1840), GAR
arachnoid (Blasius, 1666), AR
arachnoid epipial layer (Key & Retzius, 1875-1876), epl
arachnoid membrane (Meckel, 1817), ame
arachnoid trabeculae (>1840), atr
arbor vitae (Winslow, 1733), arb
arcuate hypothalamic nucleus (>1840), ARH
area 1 (Brodmann, 1909), 1
area 2 (Brodmann, 1909), 2
area 3 (Brodmann, 1909), 3
area 4 (Brodmann, 1909), 4
area 5 (Brodmann, 1909), 5
area 6 (Brodmann, 1909), 6
area 7 (Brodmann, 1909), 7
area 8 (Brodmann, 1909), 8
area 9 (Brodmann, 1909), 9
area 10 (Brodmann, 1909), 10
area 11 (Brodmann, 1909), 11 [orbital region (Rolando, 1831)]
areas 13-16 (Brodmann, 1909), 13-16 [insular region (Brodmann, 1909)]
area 14 (Brodmann, 1909), 14
area 15 (Brodmann, 1909), 15
area 16 (Brodmann, 1909), 16
area 17 (Brodmann, 1909), 17 [primary visual area (>1840)]
area 18 (Brodmann, 1909), 18
area 19 (Brodmann, 1909), 19
area 20 (Brodmann, 1909), 20
area 21 (Brodmann, 1909), 21
area 22 (Brodmann, 1909), 22
area 23 (Brodmann, 1909), 23
area 24 (Brodmann, 1909), 24
area 25 (Brodmann, 1909), 25
area 26 (Brodmann, 1909), 26
area 27 (Brodmann, 1909), 27 [presubiculum (Swanson & Cowan, 1977)]
area 28 (Brodmann, 1909), 28 [entorhinal area (Brodmann, 1909)]
area 29 (Brodmann, 1909), 29
area 30 (Brodmann, 1909), 30
area 31 (Brodmann, 1909), 31
area 32 (Brodmann, 1909), 32
area 33 (Brodmann, 1909), 33
area 34 (Brodmann, 1909), 34
area 35 (Brodmann, 1909), 35
area 36 (Brodmann, 1909), 36
area 37 (Brodmann, 1909), 37
area 38 (Brodmann, 1909), 38
area 39 (Brodmann, 1909), 39
area 40 (Brodmann, 1909), 40
area 41 (Brodmann, 1909), 41
area 42 (Brodmann, 1909), 42
area 43 (Brodmann, 1909), 43
area 44 (Brodmann, 1909), 44
area 45 (Brodmann, 1909), 45
area 46 (Brodmann, 1909), 46
area 47 (Brodmann, 1909), 47
area 48 (Brodmann, 1909), 48 [postsubiculum (Swanson & Cowan, 1977)]
area 49 (Brodmann, 1909), 49 [parasubiculum (>1840)]
area 51 (Brodmann, 1909), 51 [piriform area (Smith, 1919)]
area 52 (Brodmann, 1909), 52
area postrema (>1840), AP
articular branch of anterior branch of obturator nerve (>1840), obtar
articular branch of nerve to quadratus femoris (>1840), nqfa
articular branches of auriculotemporal nerve (>1840), auta
articular branches of common fibular nerve (>1840), cfna
ascending superficial branches of cervical plexus (Quain, 1828), cepa
association fibers of cerebral cortex (>1840), assn
atrial plexuses (>1840), atpl
auditory areas (>1840), AUD
auditory tubercle (>1840), aut
auricular branch of vagus nerve (Arnold, 1834), aX
auriculotemporal nerve (Haller, 1762), autn
autonomic ganglia (Langley, 1900), GA
autonomic nerves (Langley, 1898), ann
axillary nerve (Winslow, 1733), axn
Barrington’s nucleus (>1840), B
basal nucleus of dorsal horn (>1840), BN
basal nucleus of dorsal horn general (>1840), BNg
basal plate (>1840), BAP
basilar sulcus of pons (Gordon, 1815), bsp
basolateral amygdalar complex (Swanson, 2015), BLX
basolateral amygdalar nucleus (>1840), BLA
basolateral amygdalar nucleus anterior part (>1840), BLAa
basolateral amygdalar nucleus posterior part (>1840), BLAp
basomedial amygdalar nucleus (>1840), BMA
basomedial amygdalar nucleus anterior part (>1840), BMAa
basomedial amygdalar nucleus posterior part (>1840), BMAp
bed nucleus of accessory olfactory tract (Scalia & Witans, 1975), BA
bed nucleus of anterior commissure (Gurdjian, 1925), BAC
bed nucleus of medullary stria (Risold & Swanson, 1995a), BSM
bed nuclei of terminal stria (Gurdjian, 1925), BST
bed nuclei of terminal stria anterior division (Ju & Swanson, 1989), BSTa
bed nuclei of terminal stria anterolateral area (Swanson, 2004), BSTal
bed nuclei of terminal stria anteromedial area (Dong & Swanson, 2006c), BSTam
bed nuclei of terminal stria dorsal nucleus (Ju & Swanson, 1989), BSTd
bed nuclei of terminal stria dorsomedial nucleus (Ju & Swanson, 1989), BSTdm
bed nuclei of terminal stria fusiform nucleus (Ju & Swanson, 1989), BSTfu
bed nuclei of terminal stria interfascicular nucleus (Ju & Swanson, 1989), BSTif
bed nuclei of terminal stria interfascicular nucleus premedullary nucleus (Ju & Swanson, 1989), BSTpm
bed nuclei of terminal stria juxtacapsular nucleus (McDonald, 1983), BSTju
bed nuclei of terminal stria magnocellular nucleus (Ju & Swanson, 1989), BSTmg
bed nuclei of terminal stria oval nucleus (Ju & Swanson, 1989), BSTov
bed nuclei of terminal stria posterior division (Ju & Swanson, 1989), BSTp
bed nuclei of terminal stria principal nucleus (Ju & Swanson, 1989), BSTpr
bed nuclei of terminal stria principal nucleus cell-sparse zone (Ju & Swanson, 1989), BSTsz
bed nuclei of terminal stria rhomboid nucleus (Ju & Swanson, 1989), BSTrh
bed nuclei of terminal stria strial extension (Ju & Swanson, 1989), BSTse
bed nuclei of terminal stria transverse nucleus (Ju & Swanson, 1989), BSTtr
bed nuclei of terminal stria ventral nucleus (Ju & Swanson, 1989), BSTv
body of corpus callosum (Arnold, 1838a), ccb
body of lateral ventricle (Bell, 1803b), VLb
brachial plexus (Camper, 1760), bp
brachial plexus divisions (Paterson, 1887), bpd
brachial plexus dorsal divisions (Paterson, 1887), bpdd
brachial plexus lower trunk (>1840), bplt
brachial plexus middle trunk (>1840), bpmt
brachial plexus roots (Schwalbe, 1881), bpr
brachial plexus trunks (Schwalbe, 1881), bpt
brachial plexus upper trunk (>1840), bput
brachial plexus ventral divisions (Paterson, 1887), bpvd
brachium of inferior colliculus (>1840), bic
brachium of superior colliculus (>1840), bsc
brain (Smith Papyrus, c1700 BC), BR
brainstem (Schwalbe, 1881), BS
brain vesicles (Malpighi, 1673), BV
branch of oculomotor nerve to ciliary ganglion (>1840), IIIg
buccal branch of facial nerve (>1840), fntb
buccal nerve (Meckel, 1748), buc
calcarine sulcus (>1840), cas
cardiac ganglion (Neubauer, 1772; Haller, 1772), GCA
cardiac plexus (Keill, 1698), capl
caroticotympanic nerves (>1840), ctn
carotid branches of glossopharyngeal nerve (Todd, 1836-1839), cbg
carotid ganglion (Wutzer, 1817; Bock, 1817), GCR
cauda equina (Anatomia Magistri Nicolai physici, 12th century), ceq
caudal intracentral fissure (Swanson, 1992), icec
caudal part of vestibular nerve (>1840), vcVIIIn
caudoputamen (Heimer & Wilson, 1975), CP
cavernous nerves of clitoris (>1840), cncl
cavernous nerves of penis (>1840), cnpe
celiac branch of anterior vagal trunk (>1840), vtrac
celiac branches of posterior vagal trunk (>1840), vtrpc
celiac ganglion (Walter, 1783), GCE
celiac plexus (Winslow, 1733), cpl
central amygdalar nucleus (Johnston, 1923), CEA
central amygdalar nucleus capsular part (McDonald, 1982), CEAc
central amygdalar nucleus lateral part (Swanson, 1992), CEAl
central amygdalar nucleus medial part (McDonald, 1982), CEAm
central canal (Bellingeri, 1823), C
central canal of medulla (>1840), Cmd
central canal of spinal cord (>1840), Csp
central cervical nucleus (>1840), CEC
central lateral thalamic nucleus (Rioch, 1928), CL
central linear raphe nucleus (>1840), CLI
central medial thalamic nucleus (Rioch, 1928), CM
central nervous system (Carus, 1814), CNS
central sulcus (Huschke, 1854), cens
central tegmental tract (Bechterew, 1889), ctt
cerebellar commissure (>1840), cbc
cerebellar cortex (Willis, 1664), CBX
cerebellar falx (Günther, 1786), cbfx
cerebellar fissures (>1840), cbf
cerebellar hemisphere (Willis, 1664), HEM
cerebellar hemisphere ansiform lobule (Bolk, 1906), AN
cerebellar hemisphere ansiform lobule crus 1 (Bolk, 1906), ANcr1
cerebellar hemisphere ansiform lobule crus 1 sublobules a-d (>1840), ANcr1a-d
cerebellar hemisphere ansiform lobule crus 2 (Bolk, 1906), ANcr2
cerebellar hemisphere ansiform lobule crus 2 sublobules a,b (>1840), ANcr2a,b
cerebellar hemisphere copula pyramidis (>1840), COPY
cerebellar hemisphere copula pyramidis sublobules a,b (>1840), COPYa,b
cerebellar hemisphere flocculus (Meckel, 1817), FL
cerebellar hemisphere paraflocculus (Stroud, 1895), PFL
cerebellar hemisphere paramedian lobule (>1840), PRM
cerebellar hemisphere simple lobule (Jansen & Brodal, 1954), SIM
cerebellar nuclei (>1840), CBN
cerebellar peduncles (Ridley, 1695), cbpd
cerebellar tentorium (Winslow, 1733), cbte
cerebellar vermis (Meckel, 1817), VERM
cerebellar vermis central lobule (Burdach, 1822), CENT
cerebellar vermis central lobule sublobule a of lobule II (>1840), CENT2a
cerebellar vermis central lobule sublobule a of lobule III (>1840), CENT3a
cerebellar vermis central lobule sublobule bs of lobule II (>1840), CENT2bs
cerebellar vermis central lobule sublobule bs of lobule III (>1840), CENT3bs
cerebellar vermis culmen (Stroud, 1895), CUL
cerebellar vermis culmen dorsal lobule (>1840), CULd
cerebellar vermis culmen ventral lobule (>1840), CULv
cerebellar vermis declive (>1840), DEC
cerebellar vermis declive sublobules a-d (>1840), DECa-d
cerebellar vermis folium-tuber vermis (>1840), FOTU
cerebellar vermis lingula (Malacarne, 1776), LING
cerebellar vermis lobule I (>1840), LI
cerebellar vermis lobule IX (>1840), LIX
cerebellar vermis lobule VI (>1840), LVI
cerebellar vermis lobule VII (>1840), LVII
cerebellar vermis lobule VIII (>1840), LVIII
cerebellar vermis lobule X (>1840), LX
cerebellar vermis lobules II,III (>1840), LII,III
cerebellar vermis lobules IV,V (>1840), LIV,V
cerebellar vermis nodule (Reil, 1807-1808a), NOD
cerebellar vermis pyramis (Malacarne, 1776), PYR
cerebellar vermis uvula (Malacarne, 1776), UVU
cerebellum (Aristotle), CB
cerebral aqueduct collicular recess (>1840), AQc
cerebral aqueduct general (Swanson, 2018), AQg
cerebral aqueduct principal part (Swanson, 2018), AQ
cerebral cortex (Swanson, 2000a), CTX
cerebral cortex white matter (>1840), cwm
cerebral cortical spinotelencephalic tract (Swanson, 2018), steltc
cerebral falx (Vesalius, 1543a), cef
cerebral nuclei (Swanson, 2000a), CNU
cerebral nuclei corticospinal tract (Swanson, 2015), cstc
cerebral nuclei segment of pallidotegmental fascicle (Swanson, 2018), ptfc
cerebral nuclei segment of pallidothalamic fascicle (Swanson, 2018), pthfc
cerebral nuclei segment of striatotegmental fascicle (Swanson, 2018), stgc
cerebral nuclei segment of subthalamic fascicle (Swanson, 2018), stfc
cerebral nuclei segment of thalamic radiations (Swanson, 2018), trac
cerebral nuclei spinotelencephalic tract (Swanson, 2018), steltcn
cerebral peduncle (Tarin, 1753), cpd
cerebral sulci (Vesalius, 1543a), ces
cerebrospinal axis (Meckel, 1817), CPA
cerebrospinal fluid (Magendie, 1827), CSF
cerebrospinal trunk (>1840), CSTR
cerebrum (Obersteiner & Hill, 1900), CER
cervical branch of facial nerve (>1840), fntc
cervical enlargement (Arnold, 1838b), CE
cervical nerves (Galen, c173), cen1-8
cervical part of spinal cord (1849), SP-C
cervical plexus (Molinetti, 1675), cep
cervical spinal ganglia (>1840), GSNce1-8
cervical sympathetic ganglia (>1840), GSce
cervicothalamic tract (>1840), cett
chorda tympani (Falloppio, 1561), cht
choroid epithelium of fourth ventricle (>1840), che4
choroid epithelium of lateral ventricle (>1840), chel
choroid epithelium of third ventricle (>1840), che3
choroid fissure (>1840), chf
choroid line of fourth ventricle (>1840), chl4
choroid line of lateral ventricle (>1840), chll
choroid line of third ventricle (>1840), chl3
choroid membrane of fourth ventricle (>1840), chm4
choroid membrane of lateral ventricle (>1840), chmvl
choroid membrane of third ventricle (>1840), chm3
choroid plexus (Galen, c177), chp
choroid plexus of fourth ventricle (Vieussens, 1684), chp4
choroid plexus of lateral ventricle (Vicq d’Azyr, 1784), chpl
choroid plexus of third ventricle (Vicq d’Azyr, 1784), chp3
ciliary ganglion (Loder, 1778), GCI
cingulate region (Brodmann, 1909), CNG
cingulate sulcus (>1840), cis
cingulum (Burdach, 1822), cing
claustrum (Burdach, 1822), CLA
coccygeal nerves (Camper, 1762), con1-3
coccygeal part of spinal cord (>1840), SP-Co
coccygeal plexus (>1840), cop
coccygeal spinal ganglia (>1840), GSNco1-3
coccygeal sympathetic ganglion (>1840), GSco
cochlear ganglion (>1840), GCVIII
cochlear nerve (Cotugno, 1760), cVIIIn
cochlear nerve central root (>1840), cVIIIc
cochlear nuclei (>1840), CN
cochlear nuclei granular lamina (>1840), CNlam
cochlear nuclei subpeduncular granular region (>1840), CNspg
cochlear sulcus (Swanson, 2018), cocs
collateral branch of intercostal nerves (Davies et al., 1931), incc
common carotid plexus (Cloquet, 1816), ccpl
common fibular nerve (>1840), cfn
common palmar digital nerve of ulnar nerve (>1840), uncpd
common palmar digital nerves of median nerve (>1840), mdncpd
common plantar digital nerves of lateral plantar nerve (>1840), lplncp
common plantar digital nerves of medial plantar nerve (>1840), mplncp
communicating branch (Winslow, 1733) (cbr)
communicating branch from internal carotid plexus to abducens nerve (>1840), icpla
communicating branch from internal carotid plexus to oculomotor nerve (>1840), icploc
communicating branch from internal carotid plexus to ophthalmic nerve (>1840), icplo
communicating branch from internal carotid plexus to trochlear nerve (>1840), icplt
communicating branch of glossopharyngeal nerve with auricular branch of vagus nerve (>1840), caIX
communicating branch of intermediofacial nerve with tympanic plexus (>1840), cit
communicating branch of nasociliary nerve with ciliary ganglion (>1840), cnc
communicating branch of radial nerve with musculocutaneous nerve (>1840), cru
communicating branch of superior and middle cervical ganglia (Cruveilhier, 1836), csmg
communicating branch of superior laryngeal nerve with inferior laryngeal nerve (Langenbeck, 1826-1830), csi
communicating branch of tympanic plexus with greater petrosal nerve (>1840), ctg
communicating branches of cervical plexus (>1840), cepb
communicating branches of lingual nerve with hypoglossal nerve (>1840), clh
communicating branches of lingual nerve with submandibular ganglion (>1840), cls
communicating branches of spinal nerves (Wutzer, 1817), spinc
communicating branches of sympathetic trunk (>1840), sytc
communicating loops of cervical plexus (>1840), cepl
coronary plexuses (Meckel, 1817), copl
corpus callosum (Galen, c177), cc
cortical amygdalar area (>1840), COA
cortical amygdalar area anterior part (>1840), COAa
cortical amygdalar area anterior part layers1,2 (>1840), COAa1,2
cortical amygdalar area posterior part (>1840), COAp
cortical amygdalar area posterior part lateral zone (>1840), COApl
cortical amygdalar area posterior part lateral zone layers 1-3 (>1840), COApl1-3
cortical amygdalar area posterior part medial zone (>1840), COApm
cortical amygdalar area posterior part medial zone layers 1-3 (>1840), COApm1-3
cortical amygdalar complex (Swanson, 2015), COX
cortical plate (>1840), CTXpl
cortical subplate (>1840), CTXsp
corticobulbar tract (>1840), cbt
corticopontine tract (>1840), cpt
corticorubral tract (>1840), crt
corticospinal tract (>1840), cst
corticostriatal sulcus (>1840), css
corticotectal tract (>1840), cte
cranial nerve ganglia (>1840), GCN
cranial nerves (Soemmerring, 1791), cran
cranial root of accessory nerve (>1840), cXI
cranial root of accessory nerve rootlets (>1840), cXIr
cranial root of accessory nerve trunks (>1840), cXIt
craniospinal ganglia (>1840), GCS
craniospinal nerves (Herrick, 1915), csn
crossed corticospinal tract (>1840), cstcx
cruciform sulcus (>1840), cxs
crus 1 fissure 1 (>1840), cr1f1
crus 1 fissure 2 (>1840), cr1f2
crus 1 fissure 3 (>1840), cr1f3
crus 2 fissure (Swanson, 1992), cr2f
cuneate fascicle (Müller, 1834), cuf
cuneate nucleus (>1840), CU
cuneate tubercle (>1840), cut
cuneiform nucleus (>1840), CUN
cuneocerebellar tract (>1840), cct
cutaneous auricular branch of facial nerve (>1840), caf
cutaneous branch of dorsal branch of ulnar nerve (>1840), undc
cutaneous branch of obturator nerve (>1840), obtc
cutaneous branch of superficial branch of ulnar nerve (>1840), unsc
declival fissure 2 (>1840), def2
deep branch of radial nerve (Martin, 1781), rand
deep branch of ulnar nerve (Fyfe, 1800), unde
deep fibular nerve (Fyfe, 1800), dfn
deep petrosal nerve (Meckel, 1817), dpn
deep temporal nerves (Haase, 1781), dten
deferential plexus (Cruveilhier, 1840), defp
dentate gyrus (>1840), DG
dentate gyrus granule cell layer (>1840), DGsg
dentate gyrus molecular layer (>1840), DGmo
dentate gyrus polymorph layer (>1840), DGpo
dentate nucleus (>1840), DN
dentate nucleus magnocellular part (>1840), DNm
dentate nucleus parvicellular part (>1840), DNp
denticulate ligament (Monro, 1783), del
diagonal band (Broca, 1879), db
diagonal band nucleus (>1840), NDB
diagonal sulcus (Beccari, 1911), ds
digastric nerve (Meckel, 1753), dgn
direct fastigiobulbar tract (>1840), dfb
distal glossopharyngeal ganglion (>1840), GDIX
distal vagal ganglion (>1840), GDX
dorsal acoustic stria (>1840), das
dorsal agranular insular area (Krettek & Price, 1977a), AId
dorsal agranular insular area layers 1-6 (>1840), AId1-6
dorsal auditory areas (Sally & Kelly, 1988), AUDd
dorsal auditory areas layers 1-6 (>1840), AUDd1-6
dorsal branch of ulnar nerve (Günther, 1786), und
dorsal cochlear nucleus (>1840), DCO
dorsal column nuclei (>1840), DCN
dorsal commissural nucleus (>1840), DOC
dorsal digital nerves of lateral cutaneous nerve of forearm (>1840), lcfdd
dorsal digital nerves of lateral dorsal cutaneous nerve (>1840), ldcdd
dorsal digital nerves of radial nerve (>1840), randd
dorsal digital nerves of superficial fibular nerve (>1840), sfndd
dorsal digital nerves of ulnar nerve (>1840), undd
dorsal fornix (Sprague & Meyer, 1950), df
dorsal funiculus (>1840), fund
dorsal hippocampal commissure (Craigie, 1925), dhc
dorsal intermediate sulcus (>1840), dis
dorsal intersegmental tract (>1840), itd
dorsal lateral geniculate nucleus (>1840), LGd
dorsal limb of lateral olfactory tract (>1840), lotd
dorsal longitudinal fascicle (Schütz, 1891), dlf
dorsal median septum (>1840), dmsp
dorsal median sulcus of medulla (>1840), dmsm
dorsal median sulcus of spinal cord (>1840), dmss
dorsal midbrain sulcus (>1840), dmis
dorsal motor nucleus of vagus nerve (>1840), DMX
dorsal nerve of clitoris (>1840), donc
dorsal nerve of penis (Camper, 1762), donp
dorsal part of thalamus (Herrick, 1910), THd
dorsal part of thalamus caudodorsal part (embryonic) (>1840), THdc
dorsal part of thalamus rostroventral part (embryonic) (>1840), THdr
dorsal premammillary nucleus (>1840), PMd
dorsal raphe nucleus (>1840), DR
dorsal root (Spurzheim, 1826), drt
dorsal root central part (1840), drtc
dorsal rootlets (>1840), drtl
dorsal scapular nerve (Bock, 1827), dsc
dorsal spinocerebellar tract (>1840), dsct
dorsal tegmental decussation (>1840), dtd
dorsal tegmental nucleus (>1840), DTN
dorsal tegmental tract (>1840), dtt
dorsal terminal nucleus of accessory optic tract (>1840), DT
dorsal thalamic branch of pallidotegmental fascicle (Swanson, 2018), ptfd
dorsal thoracic nucleus (>1840), DTH
dorsal thoracic nucleus caudal part (>1840), DTHc
dorsal thoracic nucleus rostral part (>1840), DTHr
dorsolateral sulcus of medulla (>1840), dlsm
dorsolateral sulcus of spinal cord (>1840), dlss
dorsolateral tract (>1840), dl
dorsomedial hypothalamic nucleus (>1840), DMH
dorsomedial hypothalamic nucleus anterior part (>1840), DMHa
dorsomedial hypothalamic nucleus posterior part (>1840), DMHp
dorsomedial hypothalamic nucleus ventral part (>1840), DMHv
dura (Galen, c177), D
ectorhinal area (Brodmann, 1909), ECT
ectorhinal area layers 1-6 (>1840), ECT1-6
Edinger-Westphal nucleus (>1840), EW
efferent cochlear group (>1840), ECO
efferent cochleovestibular bundle (>1840), cvb
efferent vestibular nucleus (>1840), EV
endbrain (Kuhlenbeck, 1927), EB
endbrain nigrostriatal tract (Swanson, 2018), nste
endbrain roof plate (>1840), erp
endbrain terminal stria (Swanson, 2015), ste
endbrain vesicle (Kuhlenbeck, 1927), EBV
endopiriform nucleus (Krettek & Price, 1978), EP
endopiriform nucleus dorsal part (Krettek & Price, 1978), EPd
endopiriform nucleus ventral part (Krettek & Price, 1978), EPv
endorhinal sulcus (>1840), es
enteric plexuses (Hill, 1927), enpl
entorhinal area (Brodmann, 1909), ENT
entorhinal area lateral part (>1840), ENTl
entorhinal area lateral part layers 1-6 (>1840), ENTl1-6
entorhinal area medial part (>1840), ENTm
entorhinal area medial part layers 1-6 (>1840), ENTm1-6
ependyma (>1840), E
ependymal roof plate (>1840), rple
epibranchial placodes (>1840), ebp
epithalamic branch of pallidotegmental fascicle (Swanson, 2018), ptfe
epithalamic medullary stria (Swanson, 2015), sme
epithalamus (His, 1893b), THe
esophageal branches of recurrent laryngeal nerve (Arnold, 1834), rlne
esophageal branches of sympathetic trunk (>1840), ebst
esophageal plexus (Haller, 1762), esp
external acoustic meatus nerves (Meckel, 1817), eam
external branch of accessory nerve trunk (Meckel, 1817), XIte
external branch of superior laryngeal nerve (Fyfe, 1800), slne
external capsule (Burdach, 1822), ec
external carotid plexus (>1840), ecpl
external medullary lamina (>1840), em
external nasal branch of anterior ethmoidal nerve (>1840), aene
external nasal branches of infraorbital nerve (>1840), ione
external thalamic sulcus (>1840), ets
extreme capsule (>1840), ee
extrinsic vesical plexus (>1840), evp
facial colliculus (>1840), fac
facial nerve central root (>1840), VIIc
facial nerve root (>1840), VIIr
facial nerve trunk (>1840), fnt
facial nucleus (>1840), VII
fasciola cinerea (Arnold, 1838b), FC
fastigial nucleus (>1840), FN
fastigium of fourth ventricle (Burdach, 1822), V4fa
femoral branch of genitofemoral nerve (>1840), gfnf
femoral nerve (Haller, 1762), fem
fields of Forel (>1840), FF
fimbria (Honegger, 1890), fim
fimbria principal part (Swanson, 2018), fi
fimbrial line of lateral ventricle (>1840), fll
fimbriodentate sulcus (>1840), fds
floor of fourth ventricle (Reil, 1807-1808a), V4f
floor plate (>1840), fpl
forebrain (Goette, 1873), FB
forebrain corticobulbar tract (Swanson, 2018), cbtf
forebrain corticopontine tract (Swanson, 2018), cptf
forebrain corticorubral tract (Swanson, 2018), crtf
forebrain corticospinal tract (Swanson, 2018), cstf
forebrain corticotectal tract (Swanson, 2018), ctef
fornix (Vesalius, 1543a), fx
fourth ventricle general (Galen, c192), V4g
fourth ventricle principal part (Swanson, 2018), V4
frontal nerve (Cheselden 1726), frn
frontal pole (>1840), FRP
frontal region (Vicq d’Azyr, 1786), FRO
funiculi of spinal cord (Burdach, 1822), fun
funiculus separans (>1840), fus
ganglia (Galen, c173), G
ganglion impar (>1840), GI
gastric branches of anterior vagal trunk (>1840), vtrag
gastric branches of posterior vagal trunk (>1840), vtrpg
gastroduodenal branch of anterior vagal trunk (>1840), gdb
gastroduodenal plexus (>1840), gdp
gelatinous substance of spinal cord (>1840), GES
geniculate ganglion (Bischoff, 1832), GG
genital branch of genitofemoral nerve (>1840), gfng
genitofemoral nerve (>1840), gfn
genu of corpus callosum (Reil, 1809b), ccg
genu of facial nerve central root (Swanson, 2018), gVIIc
gigantocellular reticular nucleus (>1840), GRN
glandular branches of submandibular ganglion (>1840), bsd
globus pallidus (Burdach, 1822), GP
glossopharyngeal nerve (Huber, 1744), IXn
glossopharyngeal nerve central root (>1840), IXc
glossopharyngeal nerve central rootlets (>1840), IXcr
glossopharyngeal nerve root (>1840), IXr
glossopharyngeal nerve rootlets (>1840), IXrl
glossopharyngeal nerve trunk (Wrisberg, 1786; Günther, 1786), IXt
gracile fascicle (Müller, 1834), grf
gracile nucleus (>1840), GR
gracile nucleus median part (>1840), GRm
gracile nucleus principal part (>1840), GRp
gracile tubercle (>1840), grt
gray communicating branch (>1840), gc
gray matter (Meckel, 1817), GM
great auricular nerve (Haase, 1781), gan
greater occipital nerve (Haase, 1781), gon
greater palatine nerve (Cloquet, 1816), gpan
greater petrosal nerve (>1840), gpn
greater splanchnic nerve (Walter, 1783), gspn
Grüneberg ganglion (>1840), GGB
gustatory area (>1840), GU
gustatory area layers 1-6 (>1840), GU1-6
habenular commissure (>1840), hbc
habenular nuclei (>1840), H
habenular sulcus (>1840), hbs
habenular triangle (>1840), hbt
habenulo-interpeduncular tract (>1840), hit
hemispheric sulcus (Grönberg, 1902), she
hepatic branch of anterior vagal trunk (>1840), vtrah
hepatic branches of posterior vagal trunk (>1840), vtrph
hepatic plexus (Rau, 1720), hpl
hepatic plexus branches to bile ducts (>1840), bdpl
hindbrain (Baer, 1837), HB
hindbrain vesicle (Baer, 1837) (HBV), HBV
hippocampal commissures (Johnston, 1913), hc
hippocampal formation (Swanson & Cowan, 1977), HPF
hippocampal region (Swanson et al., 1987), HIP
hippocampal sulcus (Gratiolet, 1854), hs
horizontal fissure (Malacarne, 1776), hof
hypogastric nerve (Walter, 1783), hgn
hypoglossal nerve (Winslow, 1733), XIIn
hypoglossal nerve central root (>1840), XIIc
hypoglossal nerve central rootlets (>1840), XIIcr
hypoglossal nerve root (>1840), XIIr
hypoglossal nerve rootlets (>1840), XIIrl
hypoglossal nerve trunk (Günther, 1786), XIIt
hypoglossal nucleus (>1840), XII
hypoglossal triangle (>1840), ht
hypophysial placode (>1840), hp
hypophysial plexus (>1840), hypl
hypothalamic corticospinal tract (Swanson, 2018), csth
hypothalamic inferior fascicle of accessory optic system (Swanson, 2018), iaoh
hypothalamic mammillary peduncle (Swanson, 2018), mph
hypothalamic mammillotegmental tract (Swanson, 2015), mtgh
hypothalamic mammillothalamic tract (Swanson, 2018), mtth
hypothalamic medial forebrain bundle (Swanson, 2015), mfbh
hypothalamic medullary stria (Swanson, 2018), smh
hypothalamic nigrostriatal tract (Swanson, 2018), nsth
hypothalamic optic tract (Swanson, 2015), opth
hypothalamic pallidotegmental fascicle (Swanson, 2018), ptfh
hypothalamic part of third ventricle general (Swanson, 2004), V3hg
hypothalamic part of third ventricle principal part (Swanson, 2018), V3h
hypothalamic postcommissural fornix (Swanson, 2015), pofh
hypothalamic spinohypothalamic tract (Swanson, 2018), shth
hypothalamic spinotelencephalic tract (Swanson, 2018), stelth
hypothalamic striatotegmental fascicle (Swanson, 2018), stgh
hypothalamic subthalamic fascicle (Swanson, 2018), stfh
hypothalamic sulcus (>1840), hys
hypothalamic supraoptic decussations (Swanson, 2018), suph
hypothalamic terminal stria (Swanson, 2018), sth
hypothalamohypophysial tract (>1840), hht
hypothalamus (Kuhlenbeck, 1927), HY
hypothalamus anterior level (>1840), HYa
hypothalamus preoptic level (>1840), HYpr
iliohypogastric nerve (Schmidt, 1794), ihn
ilio-inguinal nerve (Schmidt, 1794), ilin
incisor nerve (>1840), inn
indusium griseum (Valentin, 1841), IG
inferior cardiac nerve (Cloquet, 1816), ica
inferior cerebellar peduncle (Günther, 1786), icp
inferior cervical ganglion (Vieussens, 1684), GIC
inferior collicular lateral lemniscus (Swanson, 2018), llc
inferior colliculus (Haller, 1762), IC
inferior colliculus central nucleus (>1840), ICc
inferior colliculus commissure (>1840), cic
inferior colliculus dorsal nucleus (>1840), ICd
inferior colliculus external nucleus (>1840), ICe
inferior dental nerve (Meckel, 1817), id
inferior fascicle of accessory optic system (Hayhow et al., 1960), iao
inferior gluteal nerve (Martin, 1781), ing
inferior horn of lateral ventricle (Bell, 1802), VLi
inferior hypogastric plexus (Tiedemann, 1822), ihpl
inferior labial branches of mental nerve (Meckel, 1753), mentl
inferior laryngeal nerve (>1840), iln
inferior mesenteric ganglion (>1840), GIM
inferior mesenteric plexus (Rau, 1720), impl
inferior olivary complex (>1840), IO
inferior olivary complex dorsal accessory olive (>1840), IOda
inferior olivary complex medial accessory olive (>1840), IOma
inferior olivary complex principal olive (>1840), IOpr
inferior palpebral branches of infraorbital nerve (Meckel, 1748), ionp
inferior rectal nerves (>1840), irn
inferior root of ansa cervicalis (>1840), anci
inferior salivatory nucleus (>1840), ISN
inferior testicular nerves (>1840), iten
inferior ureteric nerves (>1840), iurn
infracerebellar nucleus (>1840), ICB
infralimbic area (Rose & Woolsey, 1948), ILA
infralimbic area layers 1-6 (>1840), ILA1-6
infraorbital nerve (Schaarschmidt, 1750), ion
infratrochlear nerve (Schaarschmidt, 1750), itrn
infundibular stem (Hanström, 1966), IST
infundibulum (Rioch et al., 1940), INF
infundibulum (>1840), inm
inner part of transverse cerebral fissure (>1840), tcfi
innominate substance (Schwalbe, 1881), SI
insular region (Brodmann, 1909), INS
interanterodorsal thalamic nucleus (>1840), IAD
interanteromedial thalamic nucleus (>1840), IAM
interbrain (Baer, 1837), IB
interbrain nigrothalamic tract (Swanson, 2018), ntti
interbrain superior cerebellar peduncle (Swanson, 2018), scpi
interbrain vesicle (Baer, 1837), IBV
intercalated amygdalar nuclei (>1840), IA
intercalated spinal nucleus (>1840), ICS
intercostal nerves (Vesalius, 1543a), icn
interfascicular raphe nucleus (>1840), IF
intergeniculate leaflet (>1840), IGL
intermediate acoustic stria (>1840), ias
intermediate hippocampal commissure (>1840), ihc
intermediate nerve (>1840), iVIIn
intermediate nerve central root (>1840), iVIIc
intermediate spinal zone (>1840), IZ
intermediate spinal zone proper (>1840), IZp
intermediodorsal thalamic nucleus (>1840), IMD
intermediofacial nerve (Strong & Elwyn, 1943), VIIn
intermediofacial nerve roots (>1840), VIInr
intermediofacial nerve trunk (>1840), VIIt
intermediolateral nucleus (>1840), IML
intermediolateral nucleus sacral part (>1840), IMLsa
intermediolateral nucleus thoracolumbar part (>1840), IMLtl
intermediolateral visual area (Olavarria & Montero, 1984), VISli
intermediolateral visual area layers 1-6 (>1840), VISli1-6
intermediomedial nucleus (>1840), IMM
intermesenteric plexus (>1840), imp
internal arcuate fibers (>1840), iaf
internal branch of accessory nerve trunk (Meckel, 1817), XIti
internal branch of superior laryngeal nerve (Fyfe, 1800), slni
internal capsule (Burdach, 1822), int
internal carotid nerve (>1840), incn
internal carotid plexus (>1840), incp
internal dental branch of inferior dental nerve (>1840), idi
internal nasal branches of anterior ethmoidal nerve (>1840), aeni
internuclear hypothalamic area (Swanson, 2004), I
interpeduncular fossa (>1840), ipfo
interpeduncular nucleus (>1840), IPN
interpeduncular nucleus apical subnucleus (>1840), IPNa
interpeduncular nucleus central subnucleus (>1840), IPNc
interpeduncular nucleus dorsomedial subnucleus (>1840), IPNd
interpeduncular nucleus intermediate subnucleus (>1840), IPNi
interpeduncular nucleus lateral subnucleus (>1840), IPNl
interpeduncular nucleus lateral subnucleus dorsal part (>1840), IPNld
interpeduncular nucleus lateral subnucleus intermediate part (>1840), IPNli
interpeduncular nucleus lateral subnucleus rostral part (>1840), IPNlr
interpeduncular nucleus lateral subnucleus ventral part (>1840), IPNlv
interpeduncular nucleus rostral subnucleus (>1840), IPNr
interposed nucleus (>1840), IP
interposed nucleus parvicellular part (>1840), IPpc
interposed nucleus principal part (>1840), IPpr
interstitial nucleus (>1840), INC
interstitial nucleus of auditory nerve (>1840), IAN
interstitial nucleus of vestibular nerve (>1840), INV
interthalamic adhesion (>1840), IT
interventricular foramen (>1840), IVF
intracentral fissure 2 (>1840), ice2
intraculminate fissure 1 (>1840), icu1
intralaminar thalamic nuclei (>1840), ILM
intraparafloccular fissure (>1840), ipf
intraparietal sulcus (>1840), ips
intrinsic renal nerves (>1840), irnn
intrinsic vesical plexus (>1840), ivpl
isocortical layer 6b (>1840), 6b
isthmus of fauces branches of lingual nerve (>1840), lni
jejunal & ileal plexuses (>1840), jipl
jugular nerves (>1840), jn
L6-S1 trunk (>1840), lstr
lacrimal nerve (Meckel 1748; Bonhomme, 1748), lan
laryngopharyngeal branches of superior cervical ganglion (>1840), lpb
lateral ampullary nerve (>1840), lamn
lateral amygdalar nucleus (>1840), LA
lateral aperture of fourth ventricle (>1840), LAP
lateral branch of spinal nerve dorsal branch (>1840), spdl
lateral branch of supraorbital nerve (>1840), sonl
lateral calcaneal branches of sural nerve (>1840), surlc
lateral cerebral sulcus (>1840), las
lateral cervical nucleus (>1840), LCN
lateral cutaneous branch of iliohypogastric nerve (>1840), ihnl
lateral cutaneous branch of intercostal nerves (>1840), icnl
lateral cutaneous nerve of calf (>1840), lcnc
lateral cutaneous nerve of forearm (>1840), lcfn
lateral cutaneous nerve of thigh (>1840), lct
lateral dorsal cutaneous nerve (>1840), ldc
lateral dorsal thalamic nucleus (>1840), LD
lateral eminence (>1840), lem
lateral funiculus (Burdach, 1822), funl
lateral globus pallidus (>1840), GPl
lateral habenula (>1840), LH
lateral hypothalamic area (Nissl, 1913), LHA
lateral hypothalamic area anterior group (Swanson et al., 2005), LHAag
lateral hypothalamic area anterior group anterior region (Swanson, 2004), LHAa
lateral hypothalamic area anterior group anterior region dorsal zone (Swanson, 2004), LHAad
lateral hypothalamic area anterior group anterior region intermediate zone (Swanson, 2004), LHAai
lateral hypothalamic area anterior group anterior region ventral zone (Swanson, 2004), LHAav
lateral hypothalamic area anterior group retrochiasmatic area (>1840), RCH
lateral hypothalamic area middle group (Swanson et al., 2005), LHAmg
lateral hypothalamic area middle group lateral tier (Swanson et al., 2005), LHAl
lateral hypothalamic area middle group lateral tier dorsal region (Swanson, 2004), LHAd
lateral hypothalamic area middle group lateral tier tuberal nucleus (>1840), TU
lateral hypothalamic area middle group lateral tier tuberal nucleus intermediate part (Swanson, 2004), TUi
lateral hypothalamic area middle group lateral tier tuberal nucleus lateral part (Swanson, 2004), TUl
lateral hypothalamic area middle group lateral tier tuberal nucleus subventromedial part (Swanson, 2004), TUsv
lateral hypothalamic area middle group lateral tier tuberal nucleus terete part (Petrovich et al., 2001), TUte
lateral hypothalamic area middle group lateral tier ventral region (Swanson et al., 2005), LHAv
lateral hypothalamic area middle group lateral tier ventral region lateral zone (Swanson, 2004), LHAvl
lateral hypothalamic area middle group lateral tier ventral region magnocellular nucleus (Paxinos & Watson, 1986), LHAma
lateral hypothalamic area middle group lateral tier ventral region medial zone (Swanson, 2004), LHAvm
lateral hypothalamic area middle group lateral tier ventral region parvicellular region (Swanson, 2004), LHApc
lateral hypothalamic area middle group medial tier (Swanson et al., 2005), LHAm
lateral hypothalamic area middle group medial tier juxtadorsomedial region (Swanson, 2004), LHAjd
lateral hypothalamic area middle group medial tier juxtaparaventricular region (Swanson, 2004), LHAjp
lateral hypothalamic area middle group medial tier juxtaventromedial region (Swanson, 2004), LHAjv
lateral hypothalamic area middle group medial tier juxtaventromedial region dorsal zone (Swanson, 2004), LHAjvd
lateral hypothalamic area middle group medial tier juxtaventromedial region ventral zone (Swanson, 2004), LHAjvv
lateral hypothalamic area middle group perifornical tier (Swanson et al., 2005), LHApf
lateral hypothalamic area middle group perifornical tier subfornical region (Swanson, 2004), LHAsf
lateral hypothalamic area middle group perifornical tier subfornical region anterior zone (Swanson, 2004), LHAsfa
lateral hypothalamic area middle group perifornical tier subfornical region posterior zone (Swanson, 2004), LHAsfp
lateral hypothalamic area middle group perifornical tier subfornical region posterior zone premammillary subzone (Swanson, 2004), LHAsfpm
lateral hypothalamic area middle group perifornical tier suprafornical region (Swanson, 2004), LHAs
lateral hypothalamic area posterior group (Swanson et al., 2005), LHApg
lateral hypothalamic area posterior group posterior region (Swanson, 2004), LHAp
lateral hypothalamic zone (Nauta & Haymaker, 1969), HYl
lateral intersegmental tract (>1840), itl
lateral lemniscus (Bechterew, 1885b), ll
lateral mammary branches of intercostal nerves (>1840), icnlm
lateral mammillary nucleus (Gudden, 1881a), LM
lateral midbrain sulcus (>1840), lms
lateral nasal branches of internal nasal branches of anterior ethmoidal nerve (>1840), aenl
lateral olfactory tract (>1840), lot
lateral orbital area (Krettek & Price, 1977a), ORBl
lateral orbital area layers 1-6 (>1840), ORBl1-6
lateral pectoral nerve (>1840), lpen
lateral plantar nerve (>1840), lpln
lateral posterior thalamic nucleus (>1840), LP
lateral preoptic area (>1840), LPO
lateral pterygoid nerve (>1840), lptg
lateral recess of fourth ventricle (>1840), V4r
lateral reticular nucleus (>1840), LRN
lateral reticular nucleus magnocellular part (>1840), LRNm
lateral reticular nucleus parvicellular part (>1840), LRNp
lateral reticulospinal tract (>1840), lrst
lateral retinohypothalamic tract (>1840), lrht
lateral root of median nerve (>1840), mnl
lateral septal arcuate fibers (>1840), lsa
lateral septal complex (Risold & Swanson, 1997a), LSX
lateral septal nucleus (Cajal, 1909-1911), LS
lateral septal nucleus caudal (caudodorsal) part (Risold & Swanson, 1997a), LSc
lateral septal nucleus caudal (caudodorsal) part dorsal zone (Risold & Swanson, 1997a), LSc.d
lateral septal nucleus caudal (caudodorsal) part dorsal zone dorsal region (Risold & Swanson, 1997a), LSc.d.d
lateral septal nucleus caudal (caudodorsal) part dorsal zone lateral region (Risold & Swanson, 1997a), LSc.d.l
lateral septal nucleus caudal (caudodorsal) part dorsal zone rostral region (Risold & Swanson, 1997a), LSc.d.r
lateral septal nucleus caudal (caudodorsal) part dorsal zone ventral region (Risold & Swanson, 1997a), LSc.d.v
lateral septal nucleus caudal (caudodorsal) part ventral zone (Risold & Swanson, 1997a), LSc.v
lateral septal nucleus caudal (caudodorsal) part ventral zone intermediate region (Risold & Swanson, 1997a), LSc.v.i
lateral septal nucleus caudal (caudodorsal) part ventral zone lateral region (Risold & Swanson, 1997a), LSc.v.l
lateral septal nucleus caudal (caudodorsal) part ventral zone lateral region dorsal domain (Risold & Swanson, 1997a), LSc.v.l.d
lateral septal nucleus caudal (caudodorsal) part ventral zone lateral region ventral domain (Risold & Swanson, 1997a), LSc.v.l.v
lateral septal nucleus caudal (caudodorsal) part ventral zone medial region (Risold & Swanson, 1997a), LSc.v.m
lateral septal nucleus caudal (caudodorsal) part ventral zone medial region dorsal domain (Risold & Swanson, 1997a), LSc.v.m.d
lateral septal nucleus caudal (caudodorsal) part ventral zone medial region ventral domain (Risold & Swanson, 1997a), LSc.v.m.v
lateral septal nucleus rostral (rostroventral) part (Risold & Swanson, 1997a), LSr
lateral septal nucleus rostral (rostroventral) part dorsolateral zone (Risold & Swanson, 1997a), LSr.dl
lateral septal nucleus rostral (rostroventral) part dorsolateral zone lateral region (Risold & Swanson, 1997a), LSr.dl.l
lateral septal nucleus rostral (rostroventral) part dorsolateral zone lateral region dorsal domain (Risold & Swanson, 1997a), LSr.dl.l.d
lateral septal nucleus rostral (rostroventral) part dorsolateral zone lateral region ventral domain (Risold & Swanson, 1997a), LSr.dl.l.v
lateral septal nucleus rostral (rostroventral) part dorsolateral zone medial region (Risold & Swanson, 1997a), LSr.dl.m
lateral septal nucleus rostral (rostroventral) part dorsolateral zone medial region dorsal domain (Risold & Swanson, 1997a), LSr.dl.m.d
lateral septal nucleus rostral (rostroventral) part dorsolateral zone medial region ventral domain (Risold & Swanson, 1997a), LSr.dl.m.v
lateral septal nucleus rostral (rostroventral) part medial zone (Risold & Swanson, 1997a), LSr.m
lateral septal nucleus rostral (rostroventral) part medial zone dorsal region (Risold & Swanson, 1997a), LSr.m.d
lateral septal nucleus rostral (rostroventral) part medial zone ventral region (Risold & Swanson, 1997a), LSr.m.v
lateral septal nucleus rostral (rostroventral) part medial zone ventral region caudal domain (Risold & Swanson, 1997a), LSr.m.v.c
lateral septal nucleus rostral (rostroventral) part medial zone ventral region rostral domain (Risold & Swanson, 1997a), LSr.m.v.r
lateral septal nucleus rostral (rostroventral) part ventrolateral zone (Risold & Swanson, 1997a), LSr.vl
lateral septal nucleus rostral (rostroventral) part ventrolateral zone dorsal region (Risold & Swanson, 1997a), LSr.vl.d
lateral septal nucleus rostral (rostroventral) part ventrolateral zone dorsal region lateral domain (Risold & Swanson, 1997a), LSr.vl.d.l
lateral septal nucleus rostral (rostroventral) part ventrolateral zone dorsal region medial domain (Risold & Swanson, 1997a), LSr.vl.d.m
lateral septal nucleus rostral (rostroventral) part ventrolateral zone ventral region (Risold & Swanson, 1997a), LSr.vl.v
lateral septal nucleus ventral part (Risold & Swanson, 1997a), LSv
lateral spinal nucleus (>1840), LSN
lateral spinothalamic tract (>1840), sttl
lateral tegmental nucleus (Swanson, 1998), LTN
lateral terminal nucleus of accessory optic tract (>1840), LT
lateral thalamic nuclei (>1840), LAT
lateral ventricle (Vesalius, 1543a), VL
lateral vestibular nucleus (>1840), LAV
lateral vestibulospinal tract (>1840), lvst
laterodorsal tegmental nucleus (>1840), LDT
laterolateral visual area (Espinoza & Thomas, 1983), VISll
laterolateral visual area layers 1-6 (>1840), VISll1-6
least splanchnic nerve (>1840), leasp
left colic plexus (>1840), lcpl
left coronary plexus (Scarpa, 1794), copll
left gastric plexus (>1840), lgp
left gastroepiploic plexus (Wrisberg, 1800), lge
lesser occipital nerve (Mayer, 1794), lon
lesser petrosal nerve (>1840), lpn
lesser splanchnic nerve (Haller, 1762), lesp
limbic region (>1840), LIMB
limiting sulcus (>1840), sl
limiting sulcus of fourth ventricle (>1840), lsm
linear medullary nucleus (>1840), LIN
lingual branches of glossopharyngeal nerve (Haller, 1762), lbIX
lingual branches of hypoglossal nerve (Cloquet, 1816), lXII
lingual branches of lingual nerve (Arnold, 1834), lnl
lingual nerve (Vesalius, 1543a), ln
locus ceruleus (Wenzel & Wenzel, 1812), LC
long ciliary nerves (Soemmerring, 1801), lci
long thoracic nerve (Quain & Wilson, 1839), lth
longitudinal association bundle (Fox, 1940), lab
longitudinal cerebral fissure (Gordon, 1815), lcf
longitudinal pontine fibers (Arnold, 1838b), lpf
longitudinal spinal cervicothalamic tract (Swanson, 2018), cettsl
longitudinal tectal sulcus (>1840), lts
longitudinal tegmental tectospinal tract (Swanson, 2018), tsttl
lower subscapular nerve (>1840), lscn
lumbar nerves (Diemerbroeck, 1672), lun1-6
lumbar part of spinal cord (>1840), SP-L
lumbar plexus (Vesalius, 1543a), lup
lumbar plexus dorsal divisions (Paterson, 1887), lupdd
lumbar plexus ventral branches (>1840), lupv
lumbar plexus ventral divisions (Paterson, 1887), lupvd
lumbar spinal ganglia (>1840), GSNlu1-6
lumbar splanchnic nerves (Cruveilhier, 1836), lusp
lumbar sympathetic ganglia (>1840), GSlu1-6
lumbosacral enlargement (>1840), LSE
lumbosacral plexus (Vesalius, 1543a), lsp
lumbosacral trunk (Cruveilhier, 1836), lst
magnocellular nucleus (Swanson, 2004), MA
magnocellular reticular nucleus (>1840), MARN
magnus raphe nucleus (>1840), RM
main olfactory bulb (>1840), MOB
main olfactory bulb glomerular layer (>1840), MOBgl
main olfactory bulb granule cell layer (>1840), MOBgr
main olfactory bulb inner plexiform layer (>1840), MOBipl
main olfactory bulb mitral layer (>1840), MOBmi
main olfactory bulb olfactory nerve layer (>1840), MOBnl
main olfactory bulb outer plexiform layer (>1840), MOBopl
mammillary body (Ludwig, 1799), MBO
mammillary peduncle (>1840), mp
mammillotegmental tract (Kölliker, 1896), mtg
mammillothalamic tract (Kölliker, 1896), mtt
mandibular nerve (>1840), mdb
mandibular nerve sensory root (>1840), mdbs
mandibular nerve trunk (>1840), mdbt
marginal mandibular branch of facial nerve (>1840), fntm
marginal sulcus (>1840), mas
marginal zone of spinal cord (>1840), MZ
masseteric nerve (Meckel, 1748), mn
maxillary nerve (Meckel, 1753), max
medial accessory oculomotor nucleus (>1840), MAN
medial amygdalar nucleus (Johnston, 1923), MEA
medial amygdalar nucleus anterodorsal part (>1840), MEAad
medial amygdalar nucleus anteroventral part (>1840), MEAav
medial amygdalar nucleus posterodorsal part (>1840), MEApd
medial amygdalar nucleus posterodorsal part sublayer a (>1840), MEApd-a
medial amygdalar nucleus posterodorsal part sublayer b (>1840), MEApd-b
medial amygdalar nucleus posterodorsal part sublayer c (>1840), MEApd-c
medial amygdalar nucleus posteroventral part (>1840), MEApv
medial branch of spinal nerve dorsal branch (>1840), spdm
medial branch of supraorbital nerve (>1840), sonm
medial corticohypothalamic tract (Gurdjian, 1927), mct
medial cutaneous nerve of arm (>1840), mca
medial cutaneous nerve of forearm (>1840), mcf
medial eminence (>1840), mle
medial forebrain bundle (Edinger, 1893), mfb
medial geniculate complex (>1840), MG
medial geniculate complex dorsal part (>1840), MGd
medial geniculate complex medial part (>1840), MGm
medial geniculate complex ventral part (>1840), MGv
medial globus pallidus (>1840), GPm
medial habenula (>1840), MH
medial hypothalamic zone (Nauta & Haymaker, 1969), HYm
medial lemniscus (>1840), ml
medial lemniscus decussation (>1840), mld
medial longitudinal fascicle (>1840), mlf
medial mammary branches of intercostal nerves (>1840), icnmm
medial mammillary nucleus (Gudden, 1881a), MM
medial mammillary nucleus median part (>1840), MMme
medial mammillary nucleus principal part (Swanson, 2018), MMpr
medial midbrain sulcus (>1840), mms
medial nasal branches of internal nasal branches of anterior ethmoidal nerve (>1840), aenm
medial orbital area (Krettek & Price, 1977a), ORBm
medial orbital area layers 1-6 (>1840), ORBm1-6
medial pectoral nerve (>1840), mpen
medial plantar nerve (>1840), mpln
medial posterior superior nasal nerves (>1840), psnm
medial preoptic area (Simerly et al., 1984), MPO
medial preoptic nucleus (Gurdjian, 1927), MPN
medial preoptic nucleus central part (Simerly et al., 1984), MPNc
medial preoptic nucleus lateral part (Simerly et al., 1984), MPNl
medial preoptic nucleus medial part (Simerly et al., 1984), MPNm
medial pretectal area (>1840), MPT
medial pterygoid nerve (>1840), mptn
medial reticulospinal tract (>1840), mrst
medial retinohypothalamic tract (>1840), mrht
medial root of median nerve (>1840), mnm
medial septal complex (Swanson et al., 1987), MSC
medial septal nucleus (>1840), MS
medial terminal nucleus of accessory optic tract (>1840), MT
medial thalamic nuclei (>1840), MED
medial vestibular nucleus (>1840), MV
median eminence (Tilney, 1936), ME
median eminence external lamina (>1840), MEex
median eminence internal lamina (>1840), MEin
median nerve (Du Verney, 1697), mdn
median preoptic nucleus (Loo, 1931), MEPO
median sulcus of fourth ventricle (>1840), ms4
mediodorsal thalamic nucleus (>1840), MD
mediodorsal thalamic nucleus central part (>1840), MDc
mediodorsal thalamic nucleus lateral part (>1840), MDl
mediodorsal thalamic nucleus medial part (>1840), MDm
mediolateral visual area (Olavarria & Torrealba, 1978), VISlm
mediolateral visual area layers 1-6 (>1840), VISlm1-6
medulla (Winslow, 1733), MY
medullary central tegmental tract (Swanson, 2015), cttm
medullary cervicothalamic tract (Swanson, 2018), cettm
medullary cone (Bock, 1827), MC
medullary corticobulbar tract (Swanson, 2018), cbtm
medullary corticospinal tract (Swanson, 2018), cstm
medullary cuneate fascicle (Swanson, 2015), cufm
medullary dorsal spinocerebellar tract (Swanson, 2015), dsctm
medullary gracile fascicle (Swanson, 2015), grfm
medullary lateral reticulospinal tract (Swanson, 2015), lrstm
medullary lateral vestibulospinal tract (Swanson, 2015), lvstm
medullary medial forebrain bundle (Swanson, 2015), mfbm
medullary medial lemniscus (Swanson, 2015), mlm
medullary medial longitudinal fascicle (Swanson, 2015), mlfm
medullary medial reticulospinal tract (Swanson, 2015), mrstm
medullary reticular nucleus (>1840), MDRN
medullary reticular nucleus dorsal part (>1840), MDRNd
medullary reticular nucleus ventral part (>1840), MDRNv
medullary roof plate (>1840), mrp
medullary rubroreticular tract (Swanson, 2018), rrtm
medullary rubrospinal tract (Swanson, 2015), rustm
medullary segment of spinal tract of trigeminal nerve (Swanson, 2015), sptVm
medullary spinohypothalamic tract (Swanson, 2018), shtm
medullary spino-olivary tract (Swanson, 2018), sotm
medullary spinoreticular tract (Swanson, 2018), srtm
medullary spinotectal tract (Swanson, 2018), stetm
medullary spinotelencephalic tract (Swanson, 2018), steltm
medullary spinothalamic tract (Swanson, 2015), sttm
medullary spinovestibular tract (Swanson, 2018), spvtm
medullary stria (Wenzel & Wenzel, 1812), sm
medullary tectospinal tract (Swanson, 2015), tstm
medullary trapezoid body (Swanson, 2018), tbm
medullary trigeminocerebellar tract (Swanson, 2018), tctm
medullary uncinate tract (Swanson, 2018), utm
medullary ventral spinocerebellar tract (Swanson, 2015), vsctm
medullary ventrolateral fascicle (Swanson, 2015), vlfm
meningeal branch of maxillary nerve (>1840), maxm
meningeal branch of spinal nerve trunk (>1840), mbr
meninges (Smith Papyrus, c1700 BC), MEN
mental branches of mental nerve (Arnold, 1834), mentm
mental nerve (Cheselden, 1726), ment
mesomere 1 and 2 (>1840), mem1,2
midbrain (Baer, 1837), MB
midbrain nucleus of trigeminal nerve (>1840), MEV
midbrain reticular nucleus (>1840), MRN
midbrain reticular nucleus magnocellular part (Swanson, 2004), MRNm
midbrain reticular nucleus parvicellular part (Swanson, 2004), MRNp
midbrain reticular nucleus retrorubral area (Berman, 1968), RR
midbrain tract of trigeminal nerve (>1840), mtV
midbrain vesicle (Baer, 1837), MBV
middle cerebellar peduncle (Rolando, 1819), mcp
middle cerebral artery plexus (>1840), mcpl
middle cervical ganglion (Haller, 1762), GMC
middle colic plexus (>1840), micpl
middle commissure (>1840), mic
middle diencephalic (interbrain) sulcus (>1840), smi
middle rectal plexus (>1840), mrpl
middle ureteric nerves (>1840), murn
midline thalamic nuclei (>1840), MTN
motor nucleus of trigeminal nerve (>1840), V
motor nucleus of trigeminal nerve magnocellular part (>1840), Vma
motor nucleus of trigeminal nerve parvicellular part (>1840), Vpc
muscular branches of ansa cervicalis (>1840), ancm
muscular branches of anterior branch of obturator nerve (>1840), obtam
muscular branches of axillary nerve (>1840), axm
muscular branches of cervical plexus (Cruveilhier, 1836), cepm
muscular branches of deep fibular nerve (>1840), dfnm
muscular branches of external branch of accessory nerve trunk (>1840), XIem
muscular branches of femoral nerve (Quain & Wilson, 1839), femm
muscular branches of intercostal nerves (Quain & Wilson, 1839), icnm
muscular branches of lateral plantar nerve (>1840), lplnm
muscular branches of lumbar plexus ventral branches (>1840), lupvm
muscular branches of medial plantar nerve (>1840), mplnm
muscular branches of median nerve (Martin, 1781), mdnm
muscular branches of musculocutaneous nerve (Günther, 1786), mcm
muscular branches of perineal nerve (>1840), penm
muscular branches of posterior branch of obturator nerve (>1840), obtpm
muscular branches of radial nerve (>1840), ranm
muscular branches of superficial fibular nerve (>1840), sfnm
muscular branches of tibial nerve (>1840), tibm
muscular branches of ulnar nerve (Quain & Wilson, 1839), ulnm
musculocutaneous nerve (Du Verney, 1697), mcn
mylohyoid nerve (Meckel, 1748), mhn
nasal branch of anterior superior dental nerve (>1840), asdn
nasal branches of anterior ethmoidal nerve (>1840), aenn
nasociliary nerve (Meckel, 1817; Wutzer, 1817), ncn
nasopalatine nerve (Scarpa, 1785), npn
nerve of pterygoid canal (>1840), npt
nerve to flexor digitorum longus (>1840), nfdl
nerve to flexor hallucis longus (>1840), nfhl
nerve to hamstring muscles (>1840), nh
nerve to inferior oblique (>1840), IIIio
nerve to inferior rectus (>1840), IIIir
nerve to medial rectus (>1840), IIImr
nerve to obturator internus (>1840), noi
nerve to plantaris (>1840), npla
nerve to quadratus femoris (>1840), nqf
nerve to short head of biceps femoris (>1840), nsh
nerve to soleus (>1840), nso
nerve to tensor tympani (Arnold, 1834), nty
nerve to tensor veli palatini (>1840), ntv
nerve to tibialis posterior (Cruveilhier, 1836), ntp
nerves (Herophilus, c335-c280 BC), n
nerves to gastrocnemius (>1840), nga
nervous system (Monro, 1783), NS
nervus spinosus (>1840), nsp
neural crest (>1840), NCR
neural folds (>1840), nfo
neural groove (>1840), ng
neural placodes (>1840), NEP
neural plate (Stricker, 1860), NPL
neural tube (Baer, 1837), NT
nigrostriatal tract (>1840), nst
nigrotectal tract (>1840), nte
nigrothalamic tract (>1840), ntt
nodular fissure (Swanson, 1992), nf
nucleus circularis (>1840), NC
nucleus incertus (Streeter, 1903), NI
nucleus incertus compact part (Goto et al., 2001), NIc
nucleus incertus diffuse part (Goto et al., 2001), NId
nucleus intercalatus (>1840), NIS
nucleus of brachium of inferior colliculus (>1840), NB
nucleus of bulbocavernosus (>1840), NBC
nucleus of Darkschewitsch (>1840), ND
nucleus of lateral lemniscus (>1840), NLL
nucleus of lateral lemniscus dorsal part (>1840), NLLd
nucleus of lateral lemniscus horizontal part (>1840), NLLh
nucleus of lateral lemniscus ventral part (>1840), NLLv
nucleus of lateral olfactory tract (Swanson & Petrovich, 1998), NLOT
nucleus of lateral olfactory tract dorsal cap (Gurdjian, 1928), NLOT3
nucleus of lateral olfactory tract molecular layer (>1840), NLOT1
nucleus of lateral olfactory tract pyramidal layer (>1840), NLOT2
nucleus of optic tract (>1840), NOT
nucleus of posterior commissure (>1840), NPC
nucleus of Roller (>1840), NR
nucleus of solitary tract (>1840), NTS
nucleus of solitary tract commissural part (>1840), NTSco
nucleus of solitary tract lateral part (>1840), NTSl
nucleus of solitary tract medial part (>1840), NTSm
nucleus of solitary tract medial part caudal zone general (>1840), NTSmcg
nucleus of solitary tract medial part caudal zone general caudal subzone (>1840), NTSmc
nucleus of solitary tract medial part caudal zone general central subzone (>1840), NTSce
nucleus of solitary tract medial part caudal zone general gelatinous subzone (>1840), NTSge
nucleus of solitary tract medial part rostral zone (>1840), NTSmr
nucleus of spinal accessory nerve (>1840), XI
nucleus of trapezoid body (>1840), NTB
nucleus prepositus (>1840), PRP
nucleus proprius of spinal cord (>1840), NP
nucleus reuniens (Malone, 1910), RE
nucleus reuniens caudal division (Risold et al., 1997), REc
nucleus reuniens caudal division dorsal part (Risold et al., 1997), REcd
nucleus reuniens caudal division median part (Risold et al., 1997), REcm
nucleus reuniens caudal division posterior part (Risold et al., 1997), REcp
nucleus reuniens rostral division (Risold et al., 1997), REr
nucleus reuniens rostral division anterior part (Risold et al., 1997), REra
nucleus reuniens rostral division dorsal part (Risold et al., 1997), RErd
nucleus reuniens rostral division lateral part (Risold et al., 1997), RErl
nucleus reuniens rostral division median part (Risold et al., 1997), RErm
nucleus reuniens rostral division ventral part (Risold et al., 1997), RErv
nucleus sagulum (>1840), SAG
nucleus x (>1840), x
nucleus y (>1840), y
nucleus z (>1840), z
obex (Burdach, 1822), O
obscurus raphe nucleus (>1840), RO
obturator nerve (Cheselden, 1726), obt
occipital pole (Broca, 1878a), OCP
occipital region (Vesalius, 1543a), OCC
oculomotor nerve (Estienne, 1545), IIIn
oculomotor nerve central root (>1840), IIIc
oculomotor nerve central rootlets (>1840), IIIcr
oculomotor nerve inferior branch (Haase, 1781), IIIi
oculomotor nerve root (>1840), IIIr
oculomotor nerve rootlets (>1840), IIIrl
oculomotor nerve superior branch (Winslow, 1733), IIIs
oculomotor nerve trunk (>1840), IIIt
oculomotor nucleus (>1840), III
olfactory bulb (Weitbrecht, 1751), OB
olfactory epithelium (1840), OE
olfactory limb of anterior commissure (>1840), aco
olfactory nerve (Winslow, 1733), In
olfactory placode (>1840), olp
olfactory region (>1840), OLF
olfactory sulcus (Quain, 1834), ols
olfactory tubercle (Calleja, 1893), OT
olfactory tubercle islands of Calleja (>1840), OTisl
olfactory tubercle major island of Calleja (>1840), OTislm
olfactory tubercle molecular layer (>1840), OT1
olfactory tubercle polymorph layer (>1840), OT3
olfactory tubercle pyramidal layer (>1840), OT2
olfactory ventricle (>1840), VLo
olivary pretectal nucleus (>1840), OP
olive (Tiedemann, 1821), ol
olivocerebellar tract (>1840), oct
Onuf’s nucleus (>1840), ON
opening of cerebral aqueduct (>1840), AQo
opening of fourth ventricle (>1840), V4o
ophthalmic nerve (Winslow, 1733), oph
ophthalmic plexus (>1840), oppl
optic chiasm (Galen, c173), och
optic nerve (Vicq d’Azyr, 1786), IIn
optic sulcus (>1840), sopt
optic tract (Vicq d’Azyr, 1784), opt
optic vesicle (>1840), OPV
orbital branches of pterygopalatine ganglion (>1840), ptno
orbital region (Rolando, 1831), ORB
oropharyngeal membrane (>1840), opm
otic ganglion (>1840), GO
outer part of transverse cerebral fissure (>1840), tcfo
ovarian plexus (Cruveilhier, 1836), ovp
palatine nerves (Schaarschmidt, 1750), pan
pallidal raphe nucleus (>1840), RPA
pallidum (Swanson, 2000a), PAL
pallidotegmental fascicle (>1840), ptf
pallidothalamic fascicle (>1840), pthf
palmar branch of median nerve (Bock, 1827), mdnp
pancreatic branches of superior mesenteric plexus (>1840), smpp
pancreatic plexus (Cruveilhier, 1836), panp
pancreaticoduodenal plexus (Wrisberg, 1800), pdp
parabigeminal nucleus (>1840), PBG
parabrachial nucleus (>1840), PB
parabrachial nucleus lateral division (>1840), PBl
parabrachial nucleus lateral division central part (>1840), PBlc
parabrachial nucleus lateral division dorsal part (>1840), PBld
parabrachial nucleus lateral division external part (>1840), PBle
parabrachial nucleus lateral division extreme part (>1840), PBlex
parabrachial nucleus lateral division internal part (>1840), PBli
parabrachial nucleus lateral division superior part (>1840), PBls
parabrachial nucleus lateral division ventral part (>1840), PBlv
parabrachial nucleus Kölliker-Fuse subnucleus (>1840), KF
parabrachial nucleus medial division (>1840), PBm
parabrachial nucleus medial division external part (Fulwiler & Saper, 1984), PBme
parabrachial nucleus medial division medial part (Fulwiler & Saper, 1984), PBmm
parabrachial nucleus medial division ventral part (Swanson, 1992), PBmv
paracentral thalamic nucleus (Gurdjian, 1927), PCN
paracervical ganglia (>1840), GPAC
parafascicular nucleus (Vogt, 1909), PF
parafloccular fissure (>1840), pff
paragigantocellular reticular nucleus (>1840), PGRN
paragigantocellular reticular nucleus dorsal part (>1840), PGRNd
paragigantocellular reticular nucleus lateral part (>1840), PGRNl
paramedian fissure (>1840), pmf
paramedian reticular nucleus (>1840), PMR
parapyramidal nucleus (Swanson, 1998), PPY
parapyramidal nucleus deep part (Swanson, 1998), PPYd
parapyramidal nucleus superficial part (Fukuda et al., 1993), PPYs
parasolitary nucleus (>1840), PAS
parastrial nucleus (Simerly et al., 1984), PS
parasubiculum (>1840), PAR
parasubiculum layers 1-6 (>1840), PAR1-6
parasubthalamic nucleus (Wang & Zhang, 1995), PSTN
paratenial nucleus (>1840), PT
paratrigeminal nucleus (>1840), PAT
paraventricular hypothalamic nucleus (>1840), PVH
paraventricular hypothalamic nucleus descending division (>1840), PVHd
paraventricular hypothalamic nucleus descending division dorsal parvicellular part (>1840), PVHdp
paraventricular hypothalamic nucleus descending division forniceal part (>1840), PVHf
paraventricular hypothalamic nucleus descending division lateral parvicellular part (>1840), PVHlp
paraventricular hypothalamic nucleus descending division medial parvicellular part ventral zone (>1840), PVHmpv
paraventricular hypothalamic nucleus magnocellular division (>1840), PVHm
paraventricular hypothalamic nucleus magnocellular division anterior magnocellular part (Swanson & Kuypers, 1980), PVHam
paraventricular hypothalamic nucleus magnocellular division posterior magnocellular part (>1840), PVHpm
paraventricular hypothalamic nucleus magnocellular division posterior magnocellular part lateral zone (>1840), PVHpml
paraventricular hypothalamic nucleus magnocellular division posterior magnocellular part medial zone (>1840), PVHpmm
paraventricular hypothalamic nucleus parvicellular division (>1840), PVHp
paraventricular hypothalamic nucleus parvicellular division anterior parvicellular part (>1840), PVHap
paraventricular hypothalamic nucleus parvicellular division medial parvicellular part dorsal zone (Swanson & Simmons, 2008), PVHmpd
paraventricular hypothalamic nucleus parvicellular division medial parvicellular part dorsal zone lateral wing (Swanson & Simmons, 2008), PVHmpdl
paraventricular hypothalamic nucleus parvicellular division periventricular part (>1840), PVHpv
paraventricular thalamic nucleus (>1840), PVT
paravertebral ganglia (Durward, 1951), GPV
paravertebral nerves (Swanson & Bota, 2010), pav
parietal region (>1840), PTL
parieto-occipital sulcus (>1840), paos
parotid branches of auriculotemporal nerve (>1840), autp
parvicellular reticular nucleus (>1840), PARN
peduncular loop (Gratiolet, 1857), pdl
peduncular sulcus (Swanson, 2018), pes
pedunculopontine nucleus (>1840), PPN
pelvic ganglia (>1840), GPEL
pelvic splanchnic nerves (Gaskell, 1886), psp
perforant path (>1840), per
periaqueductal gray (>1840), PAG
periaqueductal gray commissural nucleus (Swanson, 1998), COM
periaqueductal gray dorsolateral column (Carrive et al., 1997), PAGdl
periaqueductal gray dorsomedial column (Carrive et al., 1997), PAGdm
periaqueductal gray lateral column (Carrive et al., 1997), PAGl
periaqueductal gray medial division (Beitz, 1985), PAGm
periaqueductal gray precommissural nucleus (Paxinos & Watson, 1986), PRC
periaqueductal gray rostrolateral division (Swanson, 1998), PAGrl
periaqueductal gray rostromedial division (Swanson, 1998), PAGrm
periaqueductal gray ventrolateral column (Carrive et al., 1997), PAGvl
periaqueductal gray ventromedial column (Swanson, 2018), PAGvm
perihypoglossal nuclei (>1840), PHY
perineal nerve (Camper, 1762), pen
periolivary region (>1840), POR
peripeduncular nucleus (>1840), PP
peripheral ganglia (>1840), GPER
peripheral nerve cord trunk (Swanson & Bota, 2010), pnt
peripheral nervous system (Meckel, 1817), PNS
perireuniens nucleus (Brittain, 1988), PR
perirhinal area (Brodmann, 1909), PERI
perirhinal area layers 1-6 (>1840), PERI1-6
periventricular bundle of hypothalamus (>1840), pvbh
periventricular bundle of thalamus (>1840), pvbt
periventricular hypothalamic zone (Nauta & Haymaker, 1969), HYp
periventricular hypothalamic nucleus anterior part (Swanson, 2018), PVa
periventricular hypothalamic nucleus anterior part anterior zone (Swanson, 2018), PVaa
periventricular hypothalamic nucleus anterior part intermediate zone (Swanson, 2018), PVi
periventricular hypothalamic nucleus anterior part preoptic zone (Swanson, 2018), PVpo
periventricular hypothalamic nucleus posterior part (>1840), PVp
pharyngeal branches of glossopharyngeal nerve (Neubauer, 1772), pIX
pharyngeal branches of vagus nerve (Wrisberg, 1786), pX
pharyngeal plexus (Neubauer, 1772), phpl
phrenic nerve (Galen, c173), phn
phrenic nucleus (>1840), PN
phrenic plexus (Loder, 1778), phrp
pia (Galen, c192), PI
pia-arachnoid (>1840), PIAR
piriform-amygdalar area (Canteras et al., 1992), PAA
piriform-amygdalar area layers 1-3 (Canteras et al., 1992), PAA1-3
piriform area (Smith, 1919), PIR
piriform area molecular layer (>1840), PIR1
piriform area polymorph layer (>1840), PIR3
piriform area pyramidal layer (>1840), PIR2
piriformis nerve (>1840), pirn
plexus (Galen, c192), plx
pons (Haller, 1747), P
pontine central gray (>1840), PCG
pontine central gray general (Swanson, 2004), PCGg
pontine central tegmental tract (Swanson, 2015), cttp
pontine cervicothalamic tract (Swanson, 2018), cettp
pontine corticobulbar tract (Swanson, 2018), cbtp
pontine corticopontine tract (Swanson, 2018), cptp
pontine corticospinal tract (Swanson, 2018), cstp
pontine dorsal longitudinal fascicle (Swanson, 2015), dlfp
pontine dorsal tegmental tract (Swanson, 2015), dttp
pontine lateral lemniscus (Swanson, 2018), llp
pontine medial forebrain bundle (Swanson, 2015), mfbp
pontine medial lemniscus (Swanson, 2015), mlp
pontine medial longitudinal fascicle (Swanson, 2015), mlfp
pontine medial reticulospinal tract (Swanson, 2015), mrstp
pontine nuclei (Jacobsohn, 1909), PON
pontine nuclei general (Swanson, 2018), PONg
pontine raphe nucleus (>1840), RPO
pontine reticular nucleus (>1840), PRN
pontine reticular nucleus caudal part (>1840), PRNc
pontine reticular nucleus rostral part (>1840), PRNr
pontine rubroreticular tract (Swanson, 2018), rrtp
pontine rubrospinal tract (Swanson, 2015), rustp
pontine segment of midbrain tract of trigeminal nerve (Swanson, 2015), mtVp
pontine segment of spinal tract of trigeminal nerve (Swanson, 2015), sptVp
pontine spinohypothalamic tract (Swanson, 2018), shtp
pontine spinoreticular tract (Swanson, 2018), srtp
pontine spinotectal tract (Swanson, 2018), stetp
pontine spinotelencephalic tract (Swanson, 2018), steltp
pontine spinothalamic tract (Swanson, 2015), sttp
pontine sulcus (Soemmerring, 1778), psu
pontine superior cerebellar peduncle (Swanson, 2015), scpp
pontine tectospinal tract (Swanson, 2015), tstp
pontine trapezoid body (Swanson, 2018), tbp
pontine trigeminocerebellar tract (Swanson, 2018), tctp
pontine uncinate tract (Swanson, 2018), utp
pontine ventral spinocerebellar tract (Swanson, 2015), vsctp
pontine ventrolateral fascicle (Swanson, 2015), vlfp
postcommissural fornix (Loo, 1931), pof
posterior agranular insular area (Krettek & Price, 1977a), AIp
posterior agranular insular area layers 1-6 (>1840), AIp1-6
posterior ampullary nerve (>1840), pam
posterior amygdalar nucleus (Canteras et al., 1992a), PA
posterior auditory area (Doron et al., 2002), AUDpo
posterior auditory area layers 1-6 (>1840), AUDpo1-6
posterior auricular nerve (Meckel, 1753), paun
posterior branch of great auricular nerve (Bock, 1827), ganp
posterior branch of lateral cutaneous branch of intercostal nerves (>1840), icnlp
posterior branch of mandibular nerve (>1840), mdbp
posterior branch of obturator nerve (Haase, 1781; Martin, 1781), obtp
posterior cerebral artery plexus (Chaussier, 1789), pcpl
posterior commissure (Winslow, 1733), pc
posterior cutaneous nerve of forearm (>1840), pcnf
posterior cutaneous nerve of thigh (Günther, 1786), pct
posterior esophageal plexus (Haller, 1762), espp
posterior hypothalamic nucleus (>1840), PH
posterior interosseous nerve (Quain & Wilson, 1839), poin
posterior labial nerves (>1840), pla
posterior limiting thalamic nucleus (>1840), POL
posterior parietal association areas (>1840), PTLp
posterior parietal association areas layers 1-6 (>1840), PTLp1-6
posterior pretectal nucleus (>1840), PPT
posterior scrotal nerves (Mayer, 1794), pscr
posterior superior dental nerve (Haller, 1762), psd
posterior superior fissure (>1840), psf
posterior superior nasal nerves (Soemmerring, 1791), psn
posterior thalamic complex (>1840), PO
posterior thalamic nuclei (>1840), POT
posterior vagal trunk (Wrisberg, 1780), vtrp
posterodorsal intraculminate fissure (Swanson, 1992), icupd
posterodorsal preoptic nucleus (Simerly et al., 1984), PD
posterolateral fissure (Larsell, 1937), plf
posterolateral visual area (Thomas & Espinoza, 1987), VISpl
posterolateral visual area layers 1-6 (>1840), VISpl1-6
posteromedial visual area (Espinoza & Thomas, 1983), VISpm
posteromedial visual area layers 1-6 (>1840), VISpm1-6
postotic groove (>1840), pog
postpiriform transition area (Canteras et al., 1992), TR
postpiriform transition area layers 1-3 (Canteras et al., 1992), TR1-3
postsubiculum (Swanson & Cowan, 1977), POST
postsubiculum layers 1-6 (>1840), POST1-6
preaortic plexus (Arnulf, 1939), paop
precentral fissure (>1840), pce
precentral fissure a (>1840), pcea
precentral fissure b (Swanson, 1992), pceb
precommissural fornix (Loo, 1931), prf
preculminate fissure (Smith, 1903), pcf
prelimbic area (Brodmann, 1909), PL
prelimbic area layers 1-6 (>1840), PL1-6
premammillary commissure (Risold et al., 1994), pmx
preoptic commissure (Risold et al., 1994), poc
preotic sulcus (>1840), pos
preparasubthalamic nucleus (Swanson, 2004), PST
prepyramidal fissure (Hayashi, 1924), ppf
presubiculum (Swanson & Cowan, 1977), PRE
presubiculum layers 1-6 (>1840), PRE1-6
pretectal brachium of superior colliculus (Swanson, 2015), bscp
pretectal region (>1840), PRT
prevertebral ganglia (Quain, 1837), GPR
prevertebral nerves (Swanson & Bota, 2010), pren
prevertebral plexuses (Quain, 1837), prep
primary auditory area (>1840), AUDp
primary auditory area layers 1-6 (>1840), AUDp1-6
primary brain vesicles (Baer, 1837), BVP
primary fissure (Smith, 1902), pri
primary forebrain vesicle (Baer, 1837), PFC
primary hindbrain vesicle (Baer, 1837), PHV
primary midbrain vesicle (Baer, 1837), PMIV
primary somatomotor area (>1840), MOp
primary somatomotor area layers 1-6 (>1840), MOp1-6
primary somatosensory area (>1840), SSp
primary somatosensory area barrel field layers 1-6 (>1840), SSp-bfd1-6
primary somatosensory area lower limb field layers 1-6 (>1840), SSp-ll1-6
primary somatosensory area mouth field layers 1-6 (>1840), SSp-m1-6
primary somatosensory area nose field layers 1-6 (>1840), SSp-n1-6
primary somatosensory area trunk field layers 1-6 (>1840), SSp-tr1-6
primary somatosensory area upper limb field layers 1-6 (>1840), SSp-ul1-6
primary visual area (>1840), VISp
primary visual area layers 1-6 (>1840), VISp1-6
principal lateral olfactory tract (Swanson, 2018), lotp
principal mammillary tract (Kölliker, 1896), pm
principal sensory nucleus of trigeminal nerve (>1840), PSV
proper palmar digital nerves of median nerve (>1840), mdnppd
proper palmar digital nerves of ulnar nerve (>1840), unppd
proper plantar digital nerves of lateral plantar nerve (>1840), lplnpp
proper plantar digital nerves of medial plantar nerve (>1840), mplnpp
propriohypothalamic tracts (Thompson & Swanson, 2003), pht
prostatic plexus (>1840), prpl
proximal glossopharyngeal ganglion (>1840), GPIX
proximal vagal ganglion (>1840), GPX
pterygopalatine ganglion (>1840), GPT
pterygopalatine nerves (Wrisberg, 1786), ptn
pudendal nerve (Camper, 1762), pun
pulmonary branches of vagus nerve (Cloquet, 1828), puX
pulmonary plexus (Winslow, 1733), pupl
pyloric branches of anterior vagal trunk (>1840), pyb
pyramid (Willis, 1664), py
pyramidal decussation (Reil, 1809c), pyd
pyramidal fissure (Swanson, 1992), pyf
radial nerve (Du Verney, 1697), ran
radiation of corpus callosum (Dejerine & Dejerine-Klumpke, 1895), ccra
radiation of corpus callosum frontal forceps (>1840), frf
radiation of corpus callosum occipital forceps (>1840), ocf
radiation of corpus callosum principal part (Swanson, 2018), ccrp
recessus incertus (Chatfield & Lyman, 1954), ric
recurrent laryngeal nerve (Albinus, 1744), rln
red nucleus (Burdach, 1822), RN
renal ganglia (Walther, 1735), GRE
renal nerves (Haase, 1781), ren
renal plexus (Drake, 1707), repl
reticular thalamic nucleus (>1840), RT
reticulocerebellar tract (>1840), rct
retina (Herophilus, 335-263 BC), R
retina ganglion cell layer (>1840), Rgcl
retina inner nuclear layer (>1840), Rinl
retina inner plexiform layer (>1840), Ripl
retina outer nuclear layer (>1840), Ronl
retina outer plexiform layer (>1840), Ropl
retrohippocampal region (Swanson et al., 1987), RHP
retrosplenial area (Vogt & Peters, 1981), RSP
retrosplenial area dorsal part (Swanson, 1992), RSPd
retrosplenial area dorsal part layers 1-6 (>1840), RSPd1-6
retrosplenial area lateral agranular part (Risold & Swanson, 1995b), RSPagl
retrosplenial area lateral agranular part layers 1-6 (Risold & Swanson, 1995b), RSPagl1-6
retrosplenial area ventral part (Swanson, 1992), RSPve
retrosplenial area ventral part anterior zone (Swanson, 2018), RSPv
retrosplenial area ventral part anterior zone layers 1-6 (Swanson, 2018), RSPv1-6
retrosplenial area ventral part zone a (Brodmann, 1909), RSPv.a
retrosplenial area ventral part zone a layers 1-6 (>1840), RSPv.a1-6
retrosplenial area ventral part zone b/c (Swanson, 1992), RSPv.b/c
retrosplenial area ventral part zone b/c layers 1-6 (>1840), RSPv.b/c1-6
rhinal incisure (>1840), ri
rhinal sulcus (>1840), rhs
rhombic lip (>1840), RHL
rhombicbrain (His, 1893b), RB
rhomboid nucleus (Cajal, 1904), RH
rhombomere A (>1840), rhA
rhombomere B (>1840), rhB
rhombomere C (>1840), rhC
rhombomeres 1-7 (>1840), rh1-7
right colic plexus (>1840), rcpl
right coronary plexus (Scarpa, 1794), coplr
right gastric plexus (>1840), rgp
right gastroepiploic plexus (Wrisberg, 1800), rge
roof of fourth ventricle (Vesalius, 1543a), V4rf
roof of third ventricle (>1840), V3r
roof plate (>1840), rpl
rostral linear raphe nucleus (>1840), RL
rostral medullary velum (>1840), RMVE
rostral part of vestibular nerve (>1840), vrVIIIn
rostrolateral ridge (>1840), rlr
rostrolateral visual area (Thomas & Espinoza, 1987), VISrl
rostrolateral visual area layers 1-6 (>1840), VISrl1-6
rostrum of corpus callosum (Reil, 1809b), ccr
rubroreticular tract (>1840), rrt
rubrospinal tract (>1840), rust
saccular nerve (>1840), sac
sacral nerves (Camper, 1760), san1-4
sacral part of spinal cord (>1840), SP-S
sacral plexus (Vesalius, 1543a), sapl
sacral plexus dorsal divisions (Paterson, 1887), sapldd
sacral plexus ventral branches (>1840), saplv
sacral plexus ventral divisions (Paterson, 1887), saplvd
sacral spinal ganglia (>1840), GSNsa1-4
sacral splanchnic nerves (>1840), sasp
sacral sympathetic ganglia (>1840), GSsa1-4
saphenous nerve (Haase, 1781), sap
sciatic nerve (Keill, 1698), sci
secondary brain vesicles (>1840), BVS
secondary fissure (Bolk, 1906), sec
secondary somatomotor areas (>1840), MOs
secondary somatomotor areas layers 1-6 (>1840), MOs1-6
sellar diaphragm (>1840), sd
seminal vesicle nerves (Bock, 1827), svn
septal fissure (Burdach, 1822), sef
septal postcommissural fornix (Swanson, 2015), pofs
septal ridge (>1840), SPR
septofimbrial nucleus (>1840), SF
septohippocampal nucleus (>1840), SH
short ciliary nerves (>1840), scin
simple fissure (Swanson, 1992), sif
solitary tract (>1840), ts
somatomotor areas (>1840), MO
somatosensory areas (>1840), SS
spermatic ganglia (Walter, 1783), GSPE
spinal central gray (>1840), SCG
spinal cord (Galen, c162-c166), SP
spinal cord differentiations (Swanson, 2015), SPd
spinal cord dorsal horn (>1840), DH
spinal cord part of neural tube (>1840), NTSP
spinal cord parts (Swanson, 2015), SPpt
spinal cord ventral horn (>1840), VH
spinal cord ventral horn proper (Swanson, 2018), VHp
spinal cuneate fascicle (Swanson, 2015), cufs
spinal dorsal spinocerebellar tract (Swanson, 2015), dscts
spinal gracile fascicle (Swanson, 2015), grfs
spinal lateral reticulospinal tract (Swanson, 2015), lrsts
spinal lateral vestibulospinal tract (Swanson, 2015), lvsts
spinal medial forebrain bundle (Swanson, 2015), mfbs
spinal medial longitudinal fascicle (Swanson, 2015), mlfs
spinal medial reticulospinal tract (Swanson, 2015), mrsts
spinal nerve dorsal branch (Meckel, 1817), spbd
spinal nerve ganglia (Burdach, 1819), GSN
spinal nerve groups (Durward, 1951), sping
spinal nerve parts (>1840), spinp
spinal nerve primary branches (>1840), spb
spinal nerve roots (Tiedemann, 1816), sr
spinal nerve trunk (Frotscher, 1788), spt
spinal nerve ventral branch (>1840), spbv
spinal nerves (Camper, 1760-1762), spin
spinal nucleus of trigeminal nerve (>1840), SPV
spinal nucleus of trigeminal nerve caudal part (>1840), SPVC
spinal nucleus of trigeminal nerve interpolar part (>1840), SPVI
spinal nucleus of trigeminal nerve oral part (>1840), SPVO
spinal nucleus of trigeminal nerve oral part caudal dorsomedial part (>1840), SPVOcdm
spinal nucleus of trigeminal nerve oral part middle dorsomedial part (>1840), SPVOmdm
spinal nucleus of trigeminal nerve oral part middle dorsomedial part dorsal zone (>1840), SPVOmdmd
spinal nucleus of trigeminal nerve oral part middle dorsomedial part ventral zone (>1840), SPVOmdmv
spinal nucleus of trigeminal nerve oral part rostral dorsomedial part (>1840), SPVOrdm
spinal nucleus of trigeminal nerve oral part ventrolateral part (>1840), SPVOvl
spinal reticular nucleus (>1840), SRN
spinal root of accessory nerve (>1840), sXI
spinal root of accessory nerve central rootlets (Swanson, 2018), sXIc
spinal root of accessory nerve rootlets (>1840), sXIr
spinal root of accessory nerve trunk (>1840), sXIt
spinal rubrospinal tract (Swanson, 2015), rusts
spinal segment of spinal tract of trigeminal nerve (Swanson, 2015), sptVs
spinal segment of spinohypothalamic tract (Swanson, 2018), shts
spinal segment of spino-olivary tract (Swanson, 2018), sots
spinal segment of spinoreticular tract (Swanson, 2018), srts
spinal segment of spinotectal tract (Swanson, 2018), stets
spinal segment of spinotelencephalic tract (Swanson, 2018), stelts
spinal segment of spinovestibular tract (Swanson, 2018), spvts
spinal tectospinal tract (Swanson, 2015), tsts
spinal tract of trigeminal nerve (>1840), sptV
spinal ventral spinocerebellar tract (Swanson, 2015), vscts
spinal vestibular nucleus (>1840), SPIV
spinocervical tract (>1840), scrt
spinohypothalamic tract (>1840), sht
spino-olivary tract (>1840), sot
spinoreticular tract (>1840), srt
spinotectal tract (>1840), stet
spinotelencephalic tract (Swanson, 2018), stelt
spinothalamic tract (>1840), stt
spinovestibular tract (>1840), spvt
splanchnic ganglion (>1840), GSPL
splenic plexus (Palfijn, 1726), spp
splenium of corpus callosum (Burdach, 1822), ccs
stapedial nerve (>1840), stap
striatal fundus (>1840), FS
striatal ridge (>1840), SRI
striatopallidal sulcus (>1840), stps
striatotegmental fascicle (>1840), stg
striatum (Swanson, 2000a), STR
stylohyoid nerve (Meckel, 1753), sthn
stylopharyngeal branch of glossopharyngeal nerve (>1840), sIX
subarachnoid space (Magendie, 1827), SAS
subceruleus nucleus (Meessen & Olszewski, 1949), SLC
subclavian nerve (Schwalbe, 1881), scl
subclavian plexus (>1840), scpl
subcommissural organ (>1840), SCO
subcostal nerve (>1840), scon
subependymal zone (>1840), SEZ
subfornical organ (Pines, 1927), SFO
subiculothalamic tract (Swanson et al., 1987), sbt
subiculum (>1840), SUB
subiculum dorsal part (Swanson & Cowan, 1975), SUBd
subiculum dorsal part molecular layer (>1840), SUBd-m
subiculum dorsal part pyramidal layer (>1840), SUBd-sp
subiculum dorsal part stratum radiatum (>1840), SUBd-sr
subiculum ventral part (Swanson & Cowan, 1975), SUBv
subiculum ventral part molecular layer (>1840), SUBv-m
subiculum ventral part pyramidal layer (>1840), SUBv-sp
subiculum ventral part stratum radiatum (>1840), SUBv-sr
sublaterodorsal nucleus (>1840), SLD
sublingual nerve (Henle, 1871), sli
submandibular ganglion (>1840), GSD
submedial thalamic nucleus (>1840), SMT
suboccipital nerve (Winslow, 1733), socn
subparafascicular nucleus (>1840), SPF
subparafascicular nucleus magnocellular part (>1840), SPFm
subparafascicular nucleus parvicellular part (>1840), SPFp
subparafascicular nucleus parvicellular part lateral division (>1840), SPFpl
subparafascicular nucleus parvicellular part medial division (>1840), SPFpm
subparaventricular zone (Watts et al., 1987), SBPV
substantia nigra (Soemmerring, 1791), SN
substantia nigra compact part (Sano, 1910), SNc
substantia nigra reticular part (Sano, 1910), SNr
subthalamic fascicle (>1840), stf
subthalamic nucleus (>1840), STN
sulcus of corpus callosum (>1840), scc
superficial branch of radial nerve (Martin, 1781), rans
superficial branch of ulnar nerve (Fyfe, 1800), uns
superficial fibular nerve (Fyfe, 1800), sfn
superficial temporal branches of auriculotemporal nerve (>1840), autt
superior cardiac nerve (Neubauer, 1772), sca
superior central raphe nucleus (>1840), CS
superior central raphe nucleus lateral part (>1840), CSl
superior central raphe nucleus medial part (>1840), CSm
superior cerebellar peduncle (Procháska, 1800), scp
superior cerebellar peduncle decussation (>1840), scpd
superior cervical cardiac branches of vagus nerve (>1840), sccX
superior cervical ganglion (Vieussens, 1684), GSC
superior collicular brachium of superior colliculus (Swanson, 2018), bscc
superior colliculus (Haller, 1762), SC
superior colliculus commissure (>1840), csc
superior colliculus deep gray layer (>1840), SCdg
superior colliculus deep white layer (>1840), SCdw
superior colliculus intermediate white layer (>1840), SCiw
superior colliculus optic layer (>1840), SCop
superior colliculus sublayer a of intermediate gray layer (>1840), SCig.a
superior colliculus sublayer b of intermediate gray layer (>1840), SCig.b
superior colliculus sublayer c of intermediate gray layer (>1840), SCig.c
superior colliculus superficial gray layer (>1840), SCsg
superior colliculus zonal layer (>1840), SCzo
superior fascicle of accessory optic system (Hayhow et al., 1960), sao
superior gluteal nerve (Martin, 1781), sug
superior hypogastric plexus (Tiedemann, 1822), shpl
superior labial branches of infraorbital nerve (Meckel, 1748), ionl
superior laryngeal nerve (Loder, 1778), sln
superior lateral cutaneous nerve of arm (>1840), slcn
superior mesenteric ganglion (>1840), GSM
superior mesenteric plexus (Rau, 1720), smpl
superior olivary complex (>1840), SOC
superior olivary complex lateral part (>1840), SOCl
superior olivary complex medial part (>1840), SOCm
superior ovarian nerves (>1840), sov
superior rectal plexus (>1840), srpl
superior root of ansa cervicalis (>1840), ancs
superior salivatory nucleus (>1840), SSN
superior temporal sulcus (>1840), sts
superior thoracic ganglion (Lieutaud, 1742), GSST
superior ureteric nerves (Walter, 1783), surn
superior vestibular nucleus (>1840), SUV
supplemental somatosensory area (>1840), SSs
supplemental somatosensory area layers 1-6 (>1840), SSs1-6
suprachiasmatic nucleus (Spiegel & Zwieg, 1919), SCH
suprachiasmatic preoptic nucleus (Simerly et al., 1984), PSCH
suprageniculate nucleus (>1840), SGN
supragenual nucleus (Meessen & Olszewski, 1949), SG
supramammillary decussation (>1840), smd
supramammillary nucleus (>1840), SUM
supramammillary nucleus lateral part (Swanson, 1982), SUMl
supramammillary nucleus medial part (Swanson, 1982), SUMm
supraoptic decussations (>1840), sup
supraoptic nucleus (Lenhossék, 1887), SO
supraoptic nucleus principal part (Swanson, 2018), SOp
supraoptic nucleus retrochiasmatic part (>1840), SOr
supraorbital nerve (Meckel, 1753, p. 42), son
suprascapular nerve (Bang, 1770), ssc
supratrigeminal nucleus (>1840), SUT
supratrochlear nerve (Schaarschmidt, 1750), strn
sural nerve (Pietro da Cortona, 1741), sur
sympathetic root of ciliary ganglion (>1840), srcg
sympathetic root of otic ganglion (>1840), srot
sympathetic root of submandibular ganglion (>1840), ssg
sympathetic trunk (Winslow, 1733), syt
sympathetic trunk ganglia (Winslow, 1733), GS
synencephalon (>1840), SYN
tapetum (Reil, 1809b), ta
tectal corticotectal tract (Swanson, 2018), ctet
tectal nigrotectal tract (Swanson, 2018), ntet
tectal spinotectal tract (Swanson, 2018), stett
tectospinal tract (>1840), tst
tectothalamic tract (>1840), ttp
tectum (Baer, 1837), TC
tegmental brachium of inferior colliculus (Swanson, 2018), bictg
tegmental central tegmental tract (Swanson, 2015), cttt
tegmental cervicothalamic tract (Swanson, 2018), cetttg
tegmental corticobulbar tract (Swanson, 2018), cbtt
tegmental corticopontine tract (Swanson, 2018), cptt
tegmental corticorubral tract (Swanson, 2018), crtt
tegmental corticospinal tract (Swanson, 2018), cstt
tegmental corticotectal tract (Swanson, 2018), ctetg
tegmental dorsal longitudinal fascicle (Swanson, 2015), dlft
tegmental habenulo-interpeduncular tract (Swanson, 2015), hittg
tegmental inferior fascicle of accessory optic system (Swanson, 2018), iaot
tegmental mammillary peduncle (Swanson, 2018), mptg
tegmental mammillotegmental tract (Swanson, 2015), mtgt
tegmental medial forebrain bundle (Swanson, 2015), mfbt
tegmental medial lemniscus (Swanson, 2015), mltg
tegmental medial longitudinal fascicle (Swanson, 2015), mlft
tegmental nigrostriatal tract (Swanson, 2018), nstt
tegmental nigrotectal tract (Swanson, 2018), ntetg
tegmental nigrothalamic tract (Swanson, 2018), nttt
tegmental pallidotegmental fascicle (Swanson, 2018), ptftg
tegmental reticular nucleus (>1840), TRN
tegmental rubroreticular tract (Swanson, 2018), rrtt
tegmental rubrospinal tract (Swanson, 2015), rustt
tegmental segment of dorsal tegmental tract (Swanson, 2018), dttt
tegmental segment of midbrain tract of trigeminal nerve (Swanson, 2015), mtVt
tegmental spinohypothalamic tract (Swanson, 2018), shtt
tegmental spinotectal tract (Swanson, 2018), stettg
tegmental spinotelencephalic tract (Swanson, 2018), steltt
tegmental spinothalamic tract (Swanson, 2015), stttg
tegmental striatotegmental fascicle (Swanson, 2018), stgt
tegmental superior cerebellar peduncle (Swanson, 2015), scpt
tegmental tectospinal tract (Swanson, 2015), tstt
tegmental uncinate tract (Swanson, 2018), uttg
tegmental ventrolateral fascicle (Swanson, 2015), vlft
tegmentum (Swanson, 2000b), TG
temporal association areas (Swanson, 1992), TEa
temporal association areas layers 1-6 (>1840), TEa1-6
temporal branches of facial nerve (Swan, 1830), fntt
temporal limb of anterior commissure (>1840), act
temporal pole (Broca, 1878a), TEP
temporal region (>1840), TE
tenia tecta (Swanson, 1992), TT
tenia tecta dorsal part (Swanson, 1992), TTd
tenia tecta dorsal part layers 1-4 (Swanson, 1992), TTd1-4
tenia tecta ventral part (Swanson, 1992), TTv
tenia tecta ventral part layers 1-3 (Swanson, 1992), TTv1-3
tentorial nerve (Arnold, 1838a), tnt
terminal autonomic nerves (Swanson & Bota, 2010), tann
terminal filament (Tiedemann, 1821), TF
terminal ganglia (Gaskell, 1886), GTER
terminal ganglion (>1840), GTE
terminal lamina (Burdach, 1822), lam
terminal nerve (>1840), tn
terminal plexuses (Swanson & Bota, 2010), tpl
terminal stria (Wenzel & Wenzel, 1812), st
terminal stria commissure (Swanson, 2015), stc
terminal ventricle (>1840), Cstv
testicular plexus (Cruveilhier, 1836), tsp
thalamic brachium of inferior colliculus (Swanson, 2018), bict
thalamic brachium of superior colliculus (Swanson, 2015), bsct
thalamic cervicothalamic tract (Swanson, 2018), cettt
thalamic eminence (>1840), TEM
thalamic habenulo-interpeduncular tract (Swanson, 2015), hitt
thalamic mammillothalamic tract (Swanson, 2015), mttt
thalamic medial lemniscus (Swanson, 2015), mlt
thalamic optic tract (Swanson, 2015), optt
thalamic pallidothalamic fascicle (Swanson, 2018), pthft
thalamic part of third ventricle general (Swanson, 2004), V3tg
thalamic part of third ventricle principal part (Swanson, 2018), V3t
thalamic radiations (Reil, 1809b), tra
thalamic segment of thalamic radiations (Swanson, 2018), trat
thalamic spinothalamic tract (Swanson, 2015), sttt
thalamic supraoptic decussations (Swanson, 2018), supt
thalamic uncinate tract (Swanson, 2018), utt
thalamus (His, 1893a), TH
thalamus internal medullary lamina (>1840), im
third ventricle (Galen, c173), V3
third ventricle infundibular recess (>1840), V3i
third ventricle mammillary recess (>1840), V3m
third ventricle pineal recess (>1840), V3pi
third ventricle preoptic recess (>1840), V3p
third ventricle suprapineal recess (>1840), V3sp
thoracic aortic plexus (>1840), tap
thoracic cardiac branches of vagus nerve (>1840), tcX
thoracic cardiac nerves (>1840), tca
thoracic nerves (Diemerbroeck, 1672), thn1-13
thoracic part of spinal cord (>1840), SP-T
thoracic pulmonary nerves (>1840), tpu
thoracic spinal ganglia (>1840), GSNth1-13
thoracic sympathetic ganglia (>1840), GSth1-13
thoracodorsal nerve (>1840), tdn
thyrohyoid branch of hypoglossal nerve (Meckel, 1817), tXII
thyroid branches of superior cervical ganglion (>1840), thyb
thyroid plexus (Portal, 1803), thpl
tibial nerve (Haase, 1781), tib
tonsillar branches of glossopharyngeal nerve (>1840), tgn
torus hemisphericus (>1840), toh
tracheal branches of recurrent laryngeal nerve (>1840), rlnt
transverse cerebellar fissure (Burdach, 1822), tcbf
transverse cerebral fissure (>1840), tcf
transverse nerve of neck (>1840), tnn
transverse peduncular tract (Gudden, 1870), tpt
transverse pontine fibers (>1840), tpf
transverse spinal cervicothalamic tract (Swanson, 2018), cettst
transverse tectal sulcus (>1840), tts
transverse tegmental tectospinal tract (Swanson, 2018), tsttt
trapezoid body (Treviranus, 1820), tb
triangular septal nucleus (>1840), TRS
trigeminal ganglion (>1840), GV
trigeminal nerve (Winslow, 1733), Vn
trigeminal nerve branches (Winslow, 1733), brV
trigeminal nerve central motor root (>1840), moVc
trigeminal nerve central sensory root (>1840), sVc
trigeminal nerve motor root (Bell, 1829), moV
trigeminal nerve sensory root (>1840), sV
trigeminal sulcus (Swanson, 2018), tgs
trigeminal tubercle (>1840), trt
trigeminocerebellar tract (>1840), tct
trochlear nerve (Molinetti, 1669), IVn
trochlear nerve central root (>1840), IVc
trochlear nerve decussation (>1840), IVd
trochlear nucleus (>1840), IV
tuberoinfundibular sulcus (>1840), tis
tuberomammillary nucleus (>1840), TM
tuberomammillary nucleus dorsal part (Köhler et al., 1985), TMd
tuberomammillary nucleus ventral part (Köhler et al., 1985), TMv
tubo-uterine nerve (>1840), tun
tubo-uterine plexus (>1840), tupl
tympanic membrane branch of external acoustic meatus nerves (>1840), eamt
tympanic nerve (Arnold, 1834), tmp
tympanic plexus (Müller, 1834), tmpl
ulnar nerve (Cheselden, 1726), uln
ulnar posterior cutaneous nerve of forearm (>1840), upcnf
uncinate tract (>1840), ut
uncrossed corticospinal tract (>1840), cstu
upper esophageal branches of vagus nerve (Cloquet, 1828), ueX
upper subscapular nerve (>1840), usc
ureteric plexus (>1840), urp
urethral branches of inferior hypogastric plexus (>1840), uih
uterovaginal plexus (>1840), uvpl
utricular nerve (>1840), un
utriculoampullary nerve (>1840), ua
uvular fissure 1 (>1840), uf1
vagal triangle (>1840), vt
vaginal nerves (Walter, 1783), vag
vagus nerve (Galen, c192), Xn
vagus nerve central root (>1840), Xc
vagus nerve central rootlets (>1840), Xcr
vagus nerve root (>1840), Xr
vagus nerve rootlets (>1840), Xrl
vagus nerve trunk (Wrisberg, 1786; Günther, 1786), Xt
vascular organ of lamina terminalis (>1840), OV
ventral agranular insular area (Krettek & Price, 1977a), AIv
ventral agranular insular area layers 1-6 (>1840), AIv1-6
ventral anterior-lateral thalamic complex (>1840), VAL
ventral auditory areas (Sally & Kelly, 1988), AUDv
ventral auditory areas layers 1-6 (>1840), AUDv1-6
ventral cochlear nucleus (>1840), VCO
ventral cochlear nucleus anterior part (>1840), VCOa
ventral cochlear nucleus posterior part (>1840), VCOp
ventral funiculus (>1840), funv
ventral hippocampal commissure (Craigie, 1925), vhc
ventral intersegmental tract (>1840), itv
ventral lateral geniculate nucleus (>1840), LGv
ventral lateral geniculate nucleus lateral zone (>1840), LGvl
ventral lateral geniculate nucleus medial zone (>1840), LGvm
ventral medial thalamic nucleus (>1840), VM
ventral median fissure of medulla (>1840), vmfm
ventral median fissure of spinal cord (>1840), vmfs
ventral orbital area (Krettek & Price, 1977a), ORBv
ventral orbital area layers 1-6 (>1840), ORBv1-6
ventral part of thalamus (Herrick, 1910), THv
ventral posterior thalamic nucleus (>1840), VP
ventral posterolateral thalamic nucleus (>1840), VPL
ventral posterolateral thalamic nucleus parvicellular part (>1840), VPLpc
ventral posterolateral thalamic nucleus principal part (Swanson, 2004), VPLpr
ventral posteromedial thalamic nucleus (>1840), VPM
ventral posteromedial thalamic nucleus parvicellular part (>1840), VPMpc
ventral posteromedial thalamic nucleus principal part (Swanson, 2004), VPMpr
ventral premammillary nucleus (>1840), PMv
ventral root (>1840), vrt
ventral rootlets (>1840), vrtl
ventral rootlets central part (>1840), vrtc
ventral spinocerebellar tract (>1840), vsct
ventral spinothalamic tract (>1840), sttv
ventral tegmental area (Tsai, 1925), VTA
ventral tegmental decussation (>1840), vtd
ventral tegmental nucleus (>1840), VTN
ventral thalamic nuclei (>1840), VENT
ventral white commissure (>1840), vc
ventricles (Hippocrates), VS
ventricular-subarachnoid space (Swanson & Bota, 2010), VSS
ventrolateral fascicle (>1840), vlf
ventrolateral hypothalamic tract (Swanson, 2004), vlt
ventrolateral orbital area (Krettek & Price, 1977a), ORBvl
ventrolateral orbital area layers 1-6 (>1840), ORBvl1-6
ventrolateral preoptic nucleus (Sherin et al., 1998), VLP
ventrolateral sulcus of medulla (>1840), vlsm
ventrolateral sulcus of spinal cord (>1840), vlss
ventromedial hypothalamic nucleus (>1840), VMH
ventromedial hypothalamic nucleus anterior part (>1840), VMHa
ventromedial hypothalamic nucleus central part (>1840), VMHc
ventromedial hypothalamic nucleus dorsomedial part (>1840), VMHdm
ventromedial hypothalamic nucleus ventrolateral part (>1840), VMHvl
vertebral ganglion (>1840), GVE
vertebral nerve (Cruveilhier, 1836), vern
vertebral plexus (Cloquet, 1816), vepl
vestibular area of fourth ventricle (>1840), va
vestibular ganglion (>1840), GVVIII
vestibular nerve (Cotugno, 1760), vVIIIn
vestibular nerve central root (>1840), vVIIIc
vestibulocochlear nerve (>1840), VIIIn
vestibulocochlear nerve trunk (>1840), VIIIt
visceral area (>1840), VISC
visceral area layers 1-6 (>1840), VISC1-6
visual areas (>1840), VIS
vomeronasal epithelium (>1840), VNE
vomeronasal nerve (>1840), von
white communicating branch (>1840), wc
white matter (Meckel, 1817), wm
zona incerta (>1840), ZI
zona incerta dopaminergic group (>1840), ZIda
zona incerta general (Forel, 1877), ZIg
zygomatic branches of facial nerve (>1840), fntz
zygomatic nerve (>1840), zn
zygomaticofacial nerve (>1840), zf
zygomaticotemporal nerve (>1840), zt