AAA	anterior amygdalar area (Gurdjian, 1928)
aamn	anterior ampullary nerve (>1840)
aan	anterior auricular nerves (>1840)
ab	angular bundle (>1840)
ABV	afterbrain vesicle (Baer, 1837)
ac	anterior commissure (Lieutaud, 1742)
ACA	anterior cingulate area (Brodmann, 1909)
ACAd	anterior cingulate area dorsal part (Krettek & Price, 1977a)
ACAd1-6	anterior cingulate area dorsal part layers 1-6 (>1840)
ACAv	anterior cingulate area ventral part (Krettek & Price, 1977a)
ACAv1-6	anterior cingulate area ventral part layers 1-6 (>1840)
ACB	accumbens nucleus (Ziehen, 1897-1901)
acn	anterior cerebellar notch (Chaussier, 1807)
acnn	anococcygeal nerves (>1840)
aco	olfactory limb of anterior commissure (>1840)
acpl	anterior cerebral artery plexus (Chaussier, 1789)
act	temporal limb of anterior commissure (>1840)
ACU	accessory cuneate nucleus (>1840)
ACVI	accessory abducens nucleus (>1840)
ACVII	accessory facial nucleus (>1840)
AD	anterodorsal thalamic nucleus (>1840)
ADP	anterodorsal preoptic nucleus (Simerly et al., 1984)
adpl	adrenal plexus (>1840)
aen	anterior ethmoidal nerve (>1840)
aene	external nasal branch of anterior ethmoidal nerve (>1840)
aeni	internal nasal branches of anterior ethmoidal nerve (>1840)
aenl	lateral nasal branches of internal nasal branches of anterior ethmoidal nerve (>1840)
aenm	medial nasal branches of internal nasal branches of anterior ethmoidal nerve (>1840)
aenn	nasal branches of anterior ethmoidal nerve (>1840)
AFB	afterbrain (Baer, 1837)
AHA	anterior hypothalamic area (>1840)
AHN	anterior hypothalamic nucleus (>1840)
AHNa	anterior hypothalamic nucleus anterior part (>1840)
AHNc	anterior hypothalamic nucleus central part (>1840)
AHNd	anterior hypothalamic nucleus dorsal part (>1840)
AHNp	anterior hypothalamic nucleus posterior part (>1840)
AI	agranular insular areas (Swanson, 2018)
AId	dorsal agranular insular area (Krettek & Price, 1977a)
AId1-6	dorsal agranular insular area layers 1-6 (>1840)
aio	anterior interosseous nerve (Quain, 1832)
AIp	posterior agranular insular area (Krettek & Price, 1977a)
AIp1-6	posterior agranular insular area layers 1-6 (>1840)
AIv	ventral agranular insular area (Krettek & Price, 1977a)
AIv1-6	ventral agranular insular area layers 1-6 (>1840)
ala	anterior labial nerves (>1840)
alv	alveus (Burdach, 1822)
AM	anteromedial thalamic nucleus (>1840)
AMBd	ambiguus nucleus dorsal division (>1840)
AMBv	ambiguus nucleus ventral division (>1840)
amc	amygdalar capsule (Swanson, 1998)
AMd	anteromedial thalamic nucleus dorsal part (Canteras & Swanson, 1992a)
ame	arachnoid membrane (Meckel, 1817)
AMR	amygdalar ridge (>1840)
AMv	anteromedial thalamic nucleus ventral part (Canteras & Swanson, 1992a)
AN	cerebellar hemisphere ansiform lobule (Bolk, 1906)
anc	ansa cervicalis (>1840)
anci	inferior root of ansa cervicalis (>1840)
ancm	muscular branches of ansa cervicalis (>1840)
ancp	ansa cervicalis proper (>1840)
ANcr1	cerebellar hemisphere ansiform lobule crus 1 (Bolk, 1906)
ANcr1a-d	cerebellar hemisphere ansiform lobule crus 1 sublobules a-d (>1840)
ANcr2	cerebellar hemisphere ansiform lobule crus 2 (Bolk, 1906)
ANcr2a,b	cerebellar hemisphere ansiform lobule crus 2 sublobules a,b (>1840)
ancs	superior root of ansa cervicalis (>1840)
ann	autonomic nerves (Langley, 1898)
ansc	ansa subclavia (Neubauer, 1772)
ANT	hypothalamus anterior level (>1840)
AOA	anterior olfactory area (Herrick, 1910)
AOAe	anterior olfactory area external part (>1840)
AOAe1	anterior olfactory area external part molecular layer (>1840)
AOAe2	anterior olfactory area external part pyramidal layer (>1840)
AOApr	anterior olfactory area principal part (Swanson, 2018)
AOApr1	anterior olfactory area principal part molecular layer (>1840)
AOApr2	anterior olfactory area principal part pyramidal layer (>1840)
AOB	accessory olfactory bulb (>1840)
AOBgl	accessory olfactory bulb glomerular layer (>1840)
AOBgr	accessory olfactory bulb granular layer (>1840)
AOBmi	accessory olfactory bulb mitral layer (>1840)
AOBnl	accessory olfactory bulb vomeronasal nerve layer (>1840)
aolt	accessory olfactory tract (Scalia & Winans, 1975)
AP	area postrema (>1840)
apf	ansoparamedian fissure (>1840)
APL	alar plate (>1840)
APN	anterior pretectal nucleus (>1840)
AQ	cerebral aqueduct principal part (Swanson, 2018)
AQc	cerebral aqueduct collicular recess (>1840)
AQg	cerebral aqueduct general (Swanson, 2018)
AQo	opening of cerebral aqueduct (>1840)
AR	arachnoid (Blasius, 1666)
arb	arbor vitae (Winslow, 1733)
ARH	arcuate hypothalamic nucleus (>1840)
asc	anterior scrotal nerves (>1840)
asd	anterior superior dental nerve (Haller, 1762)
asdn	nasal branch of anterior superior dental nerve (>1840)
assn	association fibers of cerebral cortex (>1840)
AT	anterior tegmental nucleus (Paxinos & Butcher, 1985)
ATN	anterior thalamic nuclei (>1840)
atpl	atrial plexuses (>1840)
atr	arachnoid trabeculae (>1840)
AUD	auditory areas (>1840)
AUDd	dorsal auditory areas (Sally & Kelly, 1988)
AUDd1-6	dorsal auditory areas layers 1-6 (>1840)
AUDp	primary auditory area (>1840)
AUDp1-6	primary auditory area layers 1-6 (>1840)
AUDpo	posterior auditory area (Doron et al., 2002)
AUDpo1-6	posterior auditory area layers 1-6 (>1840)
AUDv	ventral auditory areas (Sally & Kelly, 1988)
AUDv1-6	ventral auditory areas layers 1-6 (>1840)
aut	auditory tubercle (>1840)
auta	articular branches of auriculotemporal nerve (>1840)
autn	auriculotemporal nerve (Haller, 1762)
autp	parotid branches of auriculotemporal nerve (>1840)
autt	superficial temporal branches of auriculotemporal nerve (>1840)
AV	anteroventral thalamic nucleus (>1840)
AVP	anteroventral preoptic nucleus (Simerly et al., 1984)
AVPV	anteroventral periventricular nucleus (Simerly et al., 1984)
aX	auricular branch of vagus nerve (Arnold, 1834)
axm	muscular branches of axillary nerve (>1840)
axn	axillary nerve (Winslow, 1733)
B	Barrington’s nucleus (>1840)
BA	bed nucleus of accessory olfactory tract (Scalia & Witans, 1975)
BAC	bed nucleus of anterior commissure (Gurdjian, 1925)
BAP	basal plate (>1840)
bdpl	hepatic plexus branches to bile ducts (>1840)
bic	brachium of inferior colliculus (>1840)
bict	thalamic brachium of inferior colliculus (Swanson, 2018)
bictg	tegmental brachium of inferior colliculus (Swanson, 2018)
BLA	basolateral amygdalar nucleus (>1840)
BLAa	basolateral amygdalar nucleus anterior part (>1840)
BLAp	basolateral amygdalar nucleus posterior part (>1840)
BLX	basolateral amygdalar complex (Swanson, 2015)
BMA	basomedial amygdalar nucleus (>1840)
BMAa	basomedial amygdalar nucleus anterior part (>1840)
BMAp	basomedial amygdalar nucleus posterior part (>1840)
BN	basal nucleus of dorsal horn (>1840)
BNg	basal nucleus of dorsal horn general (>1840)
bp	brachial plexus (Camper, 1760)
bpd	brachial plexus divisions (Paterson, 1887)
bpdd	brachial plexus dorsal divisions (Paterson, 1887)
bplt	brachial plexus lower trunk (>1840)
bpmt	brachial plexus middle trunk (>1840)
bpr	brachial plexus roots (Schwalbe, 1881)
bpt	brachial plexus trunks (Schwalbe, 1881)
bput	brachial plexus upper trunk (>1840)
bpvd	brachial plexus ventral divisions (Paterson, 1887)
BR	brain (Smith Papyrus, c1700 BC)
brV	trigeminal nerve branches (Winslow, 1733)
BS	brainstem (Schwalbe, 1881) (BS)
bsc	brachium of superior colliculus (>1840)
bscc	superior collicular brachium of superior colliculus (Swanson, 2018)
bscp	pretectal brachium of superior colliculus (Swanson, 2015)
bsct	thalamic brachium of superior colliculus (Swanson, 2015)
bsd	glandular branches of submandibular ganglion (>1840)
BSM	bed nucleus of medullary stria (Risold & Swanson, 1995a)
bsp	basilar sulcus of pons (Gordon, 1815)
BST	bed nuclei of terminal stria (Gurdjian, 1925)
BSTa	bed nuclei of terminal stria anterior division (Ju & Swanson, 1989)
BSTal	bed nuclei of terminal stria anterolateral area (Swanson, 2004)
BSTam	bed nuclei of terminal stria anteromedial area (Dong & Swanson, 2006c)
BSTd	bed nuclei of terminal stria dorsal nucleus (Ju & Swanson, 1989)
BSTdm	bed nuclei of terminal stria dorsomedial nucleus (Ju & Swanson, 1989)
BSTfu	bed nuclei of terminal stria fusiform nucleus (Ju & Swanson, 1989)
BSTif	bed nuclei of terminal stria interfascicular nucleus (Ju & Swanson, 1989)
BSTju	bed nuclei of terminal stria juxtacapsular nucleus (McDonald, 1983)
BSTmg	bed nuclei of terminal stria magnocellular nucleus (Ju & Swanson, 1989)
BSTov	bed nuclei of terminal stria oval nucleus (Ju & Swanson, 1989)
BSTp	bed nuclei of terminal stria posterior division (Ju & Swanson, 1989)
BSTpm	bed nuclei of terminal stria interfascicular nucleus premedullary nucleus (Ju & Swanson, 1989)
BSTpr	bed nuclei of terminal stria principal nucleus (Ju & Swanson, 1989)
BSTrh	bed nuclei of terminal stria rhomboid nucleus (Ju & Swanson, 1989)
BSTse	bed nuclei of terminal stria strial extension (Ju & Swanson, 1989)
BSTsz	bed nuclei of terminal stria principal nucleus cell-sparse zone (Ju & Swanson, 1989)
BSTtr	bed nuclei of terminal stria transverse nucleus (Ju & Swanson, 1989)
BSTv	bed nuclei of terminal stria ventral nucleus (Ju & Swanson, 1989)
buc	buccal nerve (Meckel, 1748)
BV	brain vesicles (Malpighi, 1673)
BVP	primary brain vesicles (Baer, 1837)
BVS	secondary brain vesicles (>1840)
C	central canal (Bellingeri, 1823)
CA	Ammon’s horn (Vicq d’Azyr, 1784)
CA1	Ammon’s horn field CA1 (Lorente de Nó, 1934)
CA1d	Ammon’s horn field CA1 dorsal part (Risold & Swanson, 1996)
CA1d-slm	Ammon’s horn field CA1 dorsal part stratum lacunosum-moleculare (>1840)
CA1d-so	Ammon’s horn field CA1 dorsal part stratum oriens (>1840)
CA1d-spd	Ammon’s horn field CA1 dorsal part deep pyramidal layer (>1840)
CA1d-sps	Ammon’s horn field CA1 dorsal part superficial pyramidal layer (>1840)
CA1d-sr	Ammon’s horn field CA1 dorsal part stratum radiatum (>1840)
CA1v	Ammon’s horn field CA1 ventral part (Risold & Swanson, 1996)
CA1v-slm	Ammon’s horn field CA1 ventral part stratum lacunosum-moleculare (>1840)
CA1v-so	Ammon’s horn field CA1 ventral part stratum oriens (>1840)
CA1v-spd	Ammon’s horn field CA1 ventral part deep pyramidal layer (>1840)
CA1v-sps	Ammon’s horn field CA1 ventral part superficial pyramidal layer (>1840)
CA1v-sr	Ammon’s horn field CA1 ventral part stratum radiatum (>1840)
CA2	Ammon’s horn field CA2 (Lorente de Nó, 1934)
CA2slm	Ammon’s horn field CA2 stratum lacunosum-moleculare (>1840)
CA2so	Ammon’s horn field CA2 stratum oriens (>1840)
CA2sp	Ammon’s horn field CA2 pyramidal layer (>1840)
CA2sr	Ammon’s horn field CA2 stratum radiatum (>1840)
CA3	Ammon’s horn field CA3 (Lorente de Nó, 1934)
CA3slm	Ammon’s horn field CA3 stratum lacunosum-moleculare (>1840)
CA3slu	Ammon’s horn field CA3 stratum lucidum (>1840)
CA3so	Ammon’s horn field CA3 stratum oriens (>1840)
CA3sp	Ammon’s horn field CA3 pyramidal layer (>1840)
CA3sr	Ammon’s horn field CA3 stratum radiatum (>1840)
caf	cutaneous auricular branch of facial nerve (>1840)
caIX	communicating branch of glossopharyngeal nerve with auricular branch of vagus nerve (>1840)
capl	cardiac plexus (Keill, 1698)
cas	calcarine sulcus (>1840)
CB	cerebellum (Aristotle)
cbc	cerebellar commissure (>1840)
cbf	cerebellar fissures (>1840)
cbfx	cerebellar falx (Günther, 1786)
cbg	carotid branches of glossopharyngeal nerve (Todd, 1836-1839)
CBN	cerebellar nuclei (>1840)
cbpd	cerebellar peduncles (Ridley, 1695)
cbr	communicating branch (Winslow, 1733)
cbt	corticobulbar tract (>1840)
cbte	cerebellar tentorium (Winslow, 1733)
cbtf	forebrain corticobulbar tract (Swanson, 2018)
cbtm	medullary corticobulbar tract (Swanson, 2018)
cbtp	pontine corticobulbar tract (Swanson, 2018)
cbtt	tegmental corticobulbar tract (Swanson, 2018)
CBX	cerebellar cortex (Willis, 1664)
cc	corpus callosum (Galen, c177)
ccb	body of corpus callosum (Arnold, 1838a)
ccg	genu of corpus callosum (Reil, 1809b)
ccpl	common carotid plexus (Cloquet, 1816)
ccr	rostrum of corpus callosum (Reil, 1809b)
ccra	radiation of corpus callosum (Dejerine & Dejerine-Klumpke, 1895)
ccrp	radiation of corpus callosum principal part (Swanson, 2018)
ccs	splenium of corpus callosum (Burdach, 1822)
cct	cuneocerebellar tract (>1840)
CE	cervical enlargement (Arnold, 1838b)
CEA	central amygdalar nucleus (Johnston, 1923)
CEAc	central amygdalar nucleus capsular part (McDonald, 1982)
CEAl	central amygdalar nucleus lateral part (Swanson, 1992)
CEAm	central amygdalar nucleus medial part (McDonald, 1982)
CEC	central cervical nucleus (>1840)
cef	cerebral falx (Vesalius, 1543a)
cen1-8	cervical nerves (Galen, c173)
cens	central sulcus (Huschke, 1854)
CENT	cerebellar vermis central lobule (Burdach, 1822)
CENT2a	cerebellar vermis central lobule sublobule a of lobule II (>1840)
CENT2bs	cerebellar vermis central lobule sublobule bs of lobule II (>1840)
CENT3a	cerebellar vermis central lobule sublobule a of lobule III (>1840)
CENT3bs	cerebellar vermis central lobule sublobule bs of lobule III (>1840)
cep	cervical plexus (Molinetti, 1675)
cepa	ascending superficial branches of cervical plexus (Quain, 1828)
cepb	communicating branches of cervical plexus (>1840)
cepl	communicating loops of cervical plexus (>1840)
cepm	muscular branches of cervical plexus (Cruveilhier, 1836)
ceq	cauda equina (Anatomia Magistri Nicolai physici, 12th century)
CER	cerebrum (Obersteiner & Hill, 1900)
ces	cerebral sulci (Vesalius, 1543a)
cett	cervicothalamic tract (>1840)
cettm	medullary cervicothalamic tract (Swanson, 2018)
cettp	pontine cervicothalamic tract (Swanson, 2018)
cettsl	longitudinal spinal cervicothalamic tract (Swanson, 2018)
cettst	transverse spinal cervicothalamic tract (Swanson, 2018)
cettt	thalamic cervicothalamic tract (Swanson, 2018)
cetttg	tegmental cervicothalamic tract (Swanson, 2018)
cfn	common fibular nerve (>1840)
cfna	articular branches of common fibular nerve (>1840)
che3	choroid epithelium of third ventricle (>1840)
che4	choroid epithelium of fourth ventricle (>1840)
chel	choroid epithelium of lateral ventricle (>1840)
chf	choroid fissure (>1840)
chl3	choroid line of third ventricle (>1840)
chl4	choroid line of fourth ventricle (>1840)
chll	choroid line of lateral ventricle (>1840)
chm3	choroid membrane of third ventricle (>1840)
chm4	choroid membrane of fourth ventricle (>1840)
chmvl	choroid membrane of lateral ventricle (>1840)
chp	choroid plexus (Galen, c177)
chp3	choroid plexus of third ventricle (Vicq d’Azyr, 1784)
chp4	choroid plexus of fourth ventricle (Vieussens, 1684)
chpl	choroid plexus of lateral ventricle (Vicq d’Azyr, 1784)
cht	chorda tympani (Falloppio, 1561)
cic	inferior colliculus commissure (>1840)
cing	cingulum (Burdach, 1822)
cis	cingulate sulcus (>1840)
cit	communicating branch of intermediofacial nerve with tympanic plexus (>1840)
CL	central lateral thalamic nucleus (Rioch, 1928)
CLA	claustrum (Burdach, 1822)
clh	communicating branches of lingual nerve with hypoglossal nerve (>1840)
CLI	central linear raphe nucleus (>1840)
cls	communicating branches of lingual nerve with submandibular ganglion (>1840)
CM	central medial thalamic nucleus (Rioch, 1928)
Cmd	central canal of medulla (>1840)
CN	cochlear nuclei (>1840)
cnc	communicating branch of nasociliary nerve with ciliary ganglion (>1840)
cncl	cavernous nerves of clitoris (>1840)
CNG	cingulate region (Brodmann, 1909)
CNlam	cochlear nuclei granular lamina (>1840)
cnpe	cavernous nerves of penis (>1840)
CNS	central nervous system (Carus, 1814)
CNspg	cochlear nuclei subpeduncular granular region (>1840)
CNU	cerebral nuclei (Swanson, 2000a)
COA	cortical amygdalar area (>1840)
COAa	cortical amygdalar area anterior part (>1840)
COAa1,2	cortical amygdalar area anterior part layers1,2 (>1840)
COAp	cortical amygdalar area posterior part (>1840)
COApl	cortical amygdalar area posterior part lateral zone (>1840)
COApl1-3	cortical amygdalar area posterior part lateral zone layers 1-3 (>1840)
COApm	cortical amygdalar area posterior part medial zone (>1840)
COApm1-3	cortical amygdalar area posterior part medial zone layers 1-3 (>1840)
cocs	cochlear sulcus (Swanson, 2018)
COM	periaqueductal gray commissural nucleus (Swanson, 1998)
con1-3	coccygeal nerves (Camper, 1762)
cop	coccygeal plexus (>1840)
copl	coronary plexuses (Meckel, 1817)
copll	left coronary plexus (Scarpa, 1794)
coplr	right coronary plexus (Scarpa, 1794)
COPY	cerebellar hemisphere copula pyramidis (>1840)
COPYa,b	cerebellar hemisphere copula pyramidis sublobules a,b (>1840)
COX	cortical amygdalar complex (Swanson, 2015)
CP	caudoputamen (Heimer & Wilson, 1975)
CPA	cerebrospinal axis (Meckel, 1817)
cpd	cerebral peduncle (Tarin, 1753)
cpl	celiac plexus (Winslow, 1733)
cpt	corticopontine tract (>1840)
cptf	forebrain corticopontine tract (Swanson, 2018)
cptp	pontine corticopontine tract (Swanson, 2018)
cptt	tegmental corticopontine tract (Swanson, 2018)
cr1f1	crus 1 fissure 1 (>1840)
cr1f2	crus 1 fissure 2 (>1840)
cr1f3	crus 1 fissure 3 (>1840)
cr2f	crus 2 fissure (Swanson, 1992)
cran	cranial nerves (Soemmerring, 1791)
crt	corticorubral tract (>1840)
crtf	forebrain corticorubral tract (Swanson, 2018)
crtt	tegmental corticorubral tract (Swanson, 2018)
cru	communicating branch of radial nerve with musculocutaneous nerve (>1840)
CS	superior central raphe nucleus (>1840)
csc	superior colliculus commissure (>1840)
CSF	cerebrospinal fluid (Magendie, 1827)
csi	communicating branch of superior laryngeal nerve with inferior laryngeal nerve (Langenbeck, 1826-1830)
CSl	superior central raphe nucleus lateral part (>1840)
CSm	superior central raphe nucleus medial part (>1840)
csmg	communicating branch of superior and middle cervical ganglia (Cruveilhier, 1836)
csn	craniospinal nerves (Herrick, 1915)
Csp	central canal of spinal cord (>1840)
css	corticostriatal sulcus (>1840)
cst	corticospinal tract (>1840)
cstc	cerebral nuclei corticospinal tract (Swanson, 2015)
cstcx	crossed corticospinal tract (>1840)
cstf	forebrain corticospinal tract (Swanson, 2018)
csth	hypothalamic corticospinal tract (Swanson, 2018)
cstm	medullary corticospinal tract (Swanson, 2018)
cstp	pontine corticospinal tract (Swanson, 2018)
CSTR	cerebrospinal trunk (>1840)
cstt	tegmental corticospinal tract (Swanson, 2018)
cstu	uncrossed corticospinal tract (>1840)
Cstv	terminal ventricle (>1840)
cte	corticotectal tract (>1840)
ctef	forebrain corticotectal tract (Swanson, 2018)
ctet	tectal corticotectal tract (Swanson, 2018)
ctetg	tegmental corticotectal tract (Swanson, 2018)
ctg	communicating branch of tympanic plexus with greater petrosal nerve (>1840)
ctn	caroticotympanic nerves (>1840)
ctt	central tegmental tract (Bechterew, 1889)
cttm	medullary central tegmental tract (Swanson, 2015)
cttp	pontine central tegmental tract (Swanson, 2015)
cttt	tegmental central tegmental tract (Swanson, 2015)
CTX	cerebral cortex (Swanson, 2000a)
CTXpl	cortical plate (>1840)
CTXsp	cortical subplate (>1840)
CU	cuneate nucleus (>1840)
cuf	cuneate fascicle (Müller, 1834)
cufm	medullary cuneate fascicle (Swanson, 2015)
cufs	spinal cuneate fascicle (Swanson, 2015)
CUL	cerebellar vermis culmen (Stroud, 1895)
CULd	cerebellar vermis culmen dorsal lobule (>1840)
CULv	cerebellar vermis culmen ventral lobule (>1840)
CUN	cuneiform nucleus (>1840)
cut	cuneate tubercle (>1840)
cvb	efferent cochleovestibular bundle (>1840)
cVIIIc	cochlear nerve central root (>1840)
cVIIIn	cochlear nerve (Cotugno, 1760)
cwm	cerebral cortex white matter (>1840)
cXI	cranial root of accessory nerve (>1840)
cXIr	cranial root of accessory nerve rootlets (>1840)
cXIt	cranial root of accessory nerve trunks (>1840)
cxs	cruciform sulcus (>1840)
D	dura (Galen, c177)
das	dorsal acoustic stria (>1840)
db	diagonal band (Broca, 1879)
DCN	dorsal column nuclei (>1840)
DCO	dorsal cochlear nucleus (>1840)
DEC	cerebellar vermis declive (>1840)
DECa-d	cerebellar vermis declive sublobules a-d (>1840)
def2	declival fissure 2 (>1840)
defp	deferential plexus (Cruveilhier, 1840)
del	denticulate ligament (Monro, 1783)
df	dorsal fornix (Sprague & Meyer, 1950)
dfb	direct fastigiobulbar tract (>1840)
dfn	deep fibular nerve (Fyfe, 1800)
dfnm	muscular branches of deep fibular nerve (>1840)
DG	dentate gyrus (>1840)
DGmo	dentate gyrus molecular layer (>1840)
dgn	digastric nerve (Meckel, 1753)
DGpo	dentate gyrus polymorph layer (>1840)
DGsg	dentate gyrus granule cell layer (>1840)
DH	spinal cord dorsal horn (>1840)
dhc	dorsal hippocampal commissure (Craigie, 1925)
dis	dorsal intermediate sulcus (>1840)
dl	dorsolateral tract (>1840)
dlf	dorsal longitudinal fascicle (Schütz, 1891)
dlfp	pontine dorsal longitudinal fascicle (Swanson, 2015)
dlft	tegmental dorsal longitudinal fascicle (Swanson, 2015)
dlsm	dorsolateral sulcus of medulla (>1840)
dlss	dorsolateral sulcus of spinal cord (>1840)
DMH	dorsomedial hypothalamic nucleus (>1840)
DMHa	dorsomedial hypothalamic nucleus anterior part (>1840)
DMHp	dorsomedial hypothalamic nucleus posterior part (>1840)
DMHv	dorsomedial hypothalamic nucleus ventral part (>1840)
dmis	dorsal midbrain sulcus (>1840)
dmsm	dorsal median sulcus of medulla (>1840)
dmsp	dorsal median septum (>1840)
dmss	dorsal median sulcus of spinal cord (>1840)
DMX	dorsal motor nucleus of vagus nerve (>1840)
DN	dentate nucleus (>1840)
DNm	dentate nucleus magnocellular part (>1840)
DNp	dentate nucleus parvicellular part (>1840)
DOC	dorsal commissural nucleus (>1840)
donc	dorsal nerve of clitoris (>1840)
donp	dorsal nerve of penis (Camper, 1762)
dpn	deep petrosal nerve (Meckel, 1817)
DR	dorsal raphe nucleus (>1840)
drt	dorsal root (Spurzheim, 1826)
drtc	dorsal root central part (1840)
drtl	dorsal rootlets (>1840)
ds	diagonal sulcus (Beccari, 1911)
dsc	dorsal scapular nerve (Bock, 1827)
dsct	dorsal spinocerebellar tract (>1840)
dsctm	medullary dorsal spinocerebellar tract (Swanson, 2015)
dscts	spinal dorsal spinocerebellar tract (Swanson, 2015)
DT	dorsal terminal nucleus of accessory optic tract (>1840)
dtd	dorsal tegmental decussation (>1840)
dten	deep temporal nerves (Haase, 1781)
DTH	dorsal thoracic nucleus (>1840)
DTHc	dorsal thoracic nucleus caudal part (>1840)
DTHr	dorsal thoracic nucleus rostral part (>1840)
DTN	dorsal tegmental nucleus (>1840)
dtt	dorsal tegmental tract (>1840)
dttp	pontine dorsal tegmental tract (Swanson, 2015)
dttt	tegmental segment of dorsal tegmental tract (Swanson, 2018)
E	ependyma (>1840)
eam	external acoustic meatus nerves (Meckel, 1817)
eamt	tympanic membrane branch of external acoustic meatus nerves (>1840)
EB	endbrain (Kuhlenbeck, 1927)
ebp	epibranchial placodes (>1840)
ebst	esophageal branches of sympathetic trunk (>1840)
EBV	endbrain vesicle (Kuhlenbeck, 1927)
ec	external capsule (Burdach, 1822)
ECO	efferent cochlear group (>1840)
ecpl	external carotid plexus (>1840)
ECT	ectorhinal area (Brodmann, 1909)
ECT1-6	ectorhinal area layers 1-6 (>1840)
ee	extreme capsule (>1840)
em	external medullary lamina (>1840)
enpl	enteric plexuses (Hill, 1927)
ENT	entorhinal area (Brodmann, 1909)
ENTl	entorhinal area lateral part (>1840)
ENTl1-6	entorhinal area lateral part layers 1-6 (>1840)
ENTm	entorhinal area medial part (>1840)
ENTm1-6	entorhinal area medial part layers 1-6 (>1840)
EP	endopiriform nucleus (Krettek & Price, 1978)
EPd	endopiriform nucleus dorsal part (Krettek & Price, 1978)
epl	arachnoid epipial layer (Key & Retzius, 1875-1876)
EPv	endopiriform nucleus ventral part (Krettek & Price, 1978)
erp	endbrain roof plate (>1840)
es	endorhinal sulcus (>1840)
esp	esophageal plexus (Haller, 1762)
espa	anterior esophageal plexus (Haller, 1762)
espp	posterior esophageal plexus (Haller, 1762)
ets	external thalamic sulcus (>1840)
EV	efferent vestibular nucleus (>1840)
evp	extrinsic vesical plexus (>1840)
EW	Edinger-Westphal nucleus (>1840)
fac	facial colliculus (>1840)
FB	forebrain (Goette, 1873)
FC	fasciola cinerea (Arnold, 1838b)
fds	fimbriodentate sulcus (>1840)
fem	femoral nerve (Haller, 1762)
femm	muscular branches of femoral nerve (Quain & Wilson, 1839)
FF	fields of Forel (>1840)
fi	fimbria principal part (Swanson, 2018)
fim	fimbria (Honegger, 1890)
FL	cerebellar hemisphere flocculus (Meckel, 1817)
fll	fimbrial line of lateral ventricle (>1840)
FN	fastigial nucleus (>1840)
fnt	facial nerve trunk (>1840)
fntb	buccal branch of facial nerve (>1840)
fntc	cervical branch of facial nerve (>1840)
fntm	marginal mandibular branch of facial nerve (>1840)
fntt	temporal branches of facial nerve (Swan, 1830)
fntz	zygomatic branches of facial nerve (>1840)
FOTU	cerebellar vermis folium-tuber vermis (>1840)
fpl	floor plate (>1840)
frf	radiation of corpus callosum frontal forceps (>1840)
frn	frontal nerve (Cheselden 1726)
FRO	frontal region (Vicq d’Azyr, 1786)
FRP	frontal pole (>1840)
FS	striatal fundus (>1840)
fun	funiculi of spinal cord (Burdach, 1822)
fund	dorsal funiculus (>1840)
funl	lateral funiculus (Burdach, 1822)
funv	ventral funiculus (>1840)
fus	funiculus separans (>1840)
fx	fornix (Vesalius, 1543a)
G	ganglia (Galen, c173)
GA	autonomic ganglia (Langley, 1900)
gan	great auricular nerve (Haase, 1781)
gana	anterior branch of great auricular nerve (Bock, 1827)
ganp	posterior branch of great auricular nerve (Bock, 1827)
GAR	aorticorenal ganglion (>1840)
gc	gray communicating branch (>1840)
GCA	cardiac ganglion (Neubauer, 1772; Haller, 1772)
GCE	celiac ganglion (Walter, 1783)
GCI	ciliary ganglion (Loder, 1778)
GCN	cranial nerve ganglia (>1840)
GCR	carotid ganglion (Wutzer, 1817; Bock, 1817)
GCS	craniospinal ganglia (>1840)
GCVIII	cochlear ganglion (>1840)
gdb	gastroduodenal branch of anterior vagal trunk (>1840)
GDIX	distal glossopharyngeal ganglion (>1840)
gdp	gastroduodenal plexus (>1840)
GDX	distal vagal ganglion (>1840)
GES	gelatinous substance of spinal cord (>1840)
gfn	genitofemoral nerve (>1840)
gfnf	femoral branch of genitofemoral nerve (>1840)
gfng	genital branch of genitofemoral nerve (>1840)
GG	geniculate ganglion (Bischoff, 1832)
GGB	Grüneberg ganglion (>1840)
GI	ganglion impar (>1840)
GIC	inferior cervical ganglion (Vieussens, 1684)
GIM	inferior mesenteric ganglion (>1840)
GM	gray matter (Meckel, 1817)
GMC	middle cervical ganglion (Haller, 1762)
GO	otic ganglion (>1840)
gon	greater occipital nerve (Haase, 1781)
GP	globus pallidus (Burdach, 1822)
GPAC	paracervical ganglia (>1840)
gpan	greater palatine nerve (Cloquet, 1816)
GPEL	pelvic ganglia (>1840)
GPER	peripheral ganglia (>1840)
GPIX	proximal glossopharyngeal ganglion (>1840)
GPl	lateral globus pallidus (>1840)
GPm	medial globus pallidus (>1840)
gpn	greater petrosal nerve (>1840)
GPR	prevertebral ganglia (Quain, 1837)
GPT	pterygopalatine ganglion (>1840)
GPV	paravertebral ganglia (Durward, 1951)
GPX	proximal vagal ganglion (>1840)
GR	gracile nucleus (>1840)
GRE	renal ganglia (Walther, 1735)
grf	gracile fascicle (Müller, 1834)
grfm	medullary gracile fascicle (Swanson, 2015)
grfs	spinal gracile fascicle (Swanson, 2015)
GRm	gracile nucleus median part (>1840)
GRN	gigantocellular reticular nucleus (>1840)
GRp	gracile nucleus principal part (>1840)
grt	gracile tubercle (>1840)
GS	sympathetic trunk ganglia (Winslow, 1733)
GSC	superior cervical ganglion (Vieussens, 1684)
GSce	cervical sympathetic ganglia (>1840)
GSco	coccygeal sympathetic ganglion (>1840)
GSD	submandibular ganglion (>1840)
GSlu1-6	lumbar sympathetic ganglia (>1840)
GSM	superior mesenteric ganglion (>1840)
GSN	spinal nerve ganglia (Burdach, 1819)
GSNce1-8	cervical spinal ganglia (>1840)
GSNco1-3	coccygeal spinal ganglia (>1840)
GSNlu1-6	lumbar spinal ganglia (>1840)
GSNsa1-4	sacral spinal ganglia (>1840)
GSNth1-13	thoracic spinal ganglia (>1840)
GSPE	spermatic ganglia (Walter, 1783)
GSPL	splanchnic ganglion (>1840)
gspn	greater splanchnic nerve (Walter, 1783)
GSsa1-4	sacral sympathetic ganglia (>1840)
GSST	superior thoracic ganglion (Lieutaud, 1742)
GSth1-13	thoracic sympathetic ganglia (>1840)
GTE	terminal ganglion (>1840)
GTER	terminal ganglia (Gaskell, 1886)
GU	gustatory area (>1840)
GU1-6	gustatory area layers 1-6 (>1840)
GV	trigeminal ganglion (>1840)
GVE	vertebral ganglion (>1840)
gVIIc	genu of facial nerve central root (Swanson, 2018)
GVVIII	vestibular ganglion (>1840)
H	habenular nuclei (>1840)
HB	hindbrain (Baer, 1837)
hbc	habenular commissure (>1840)
hbs	habenular sulcus (>1840)
hbt	habenular triangle (>1840)
HBV	hindbrain vesicle (Baer, 1837) (HBV)
hc	hippocampal commissures (Johnston, 1913)
HEM	cerebellar hemisphere (Willis, 1664)
hgn	hypogastric nerve (Walter, 1783)
hht	hypothalamohypophysial tract (>1840)
HIP	hippocampal region (Swanson et al., 1987)
hit	habenulo-interpeduncular tract (>1840)
hitt	thalamic habenulo-interpeduncular tract (Swanson, 2015)
hittg	tegmental habenulo-interpeduncular tract (Swanson, 2015)
hof	horizontal fissure (Malacarne, 1776)
hp	hypophysial placode (>1840)
HPF	hippocampal formation (Swanson & Cowan, 1977)
hpl	hepatic plexus (Rau, 1720)
hs	hippocampal sulcus (Gratiolet, 1854)
ht	hypoglossal triangle (>1840)
HY	hypothalamus (Kuhlenbeck, 1927)
HYa	hypothalamus anterior level (>1840)
HYl	lateral hypothalamic zone (Nauta & Haymaker, 1969)
HYm	medial hypothalamic zone (Nauta & Haymaker, 1969)
HYp	periventricular hypothalamic zone (Nauta & Haymaker, 1969)
HYpr	hypothalamic preoptic level (>1840)
hypl	hypophysial plexus (>1840)
hys	hypothalamic sulcus (>1840)
I	internuclear hypothalamic area (Swanson, 2004)
IA	intercalated amygdalar nuclei (>1840)
IAD	interanterodorsal thalamic nucleus (>1840)
iaf	internal arcuate fibers (>1840)
IAM	interanteromedial thalamic nucleus (>1840)
IAN	interstitial nucleus of auditory nerve (>1840)
iao	inferior fascicle of accessory optic system (Hayhow et al., 1960)
iaoh	hypothalamic inferior fascicle of accessory optic system (Swanson, 2018)
iaot	tegmental inferior fascicle of accessory optic system (Swanson, 2018)
ias	intermediate acoustic stria (>1840)
IB	interbrain (Baer, 1837)
IBV	interbrain vesicle (Baer, 1837)
IC	inferior colliculus (Haller, 1762)
ica	inferior cardiac nerve (Cloquet, 1816)
ICB	infracerebellar nucleus (>1840)
ICc	inferior colliculus central nucleus (>1840)
ICd	inferior colliculus dorsal nucleus (>1840)
ICe	inferior colliculus external nucleus (>1840)
ice2	intracentral fissure 2 (>1840)
icec	caudal intracentral fissure (Swanson, 1992)
icn	intercostal nerves (Vesalius, 1543a)
icna	anterior cutaneous branch of intercostal nerves (>1840)
incc	collateral branch of intercostal nerves (Davies et al., 1931)
icnl	lateral cutaneous branch of intercostal nerves (>1840)
icnla	anterior branch of lateral cutaneous branch of intercostal nerves (>1840)
icnlm	lateral mammary branches of intercostal nerves (>1840)
icnlp	posterior branch of lateral cutaneous branch of intercostal nerves (>1840)
icnm	muscular branches of intercostal nerves (Quain & Wilson, 1839)
icnmm	medial mammary branches of intercostal nerves (>1840)
icp	inferior cerebellar peduncle (Günther, 1786)
icpla	communicating branch from internal carotid plexus to abducens nerve (>1840)
icplo	communicating branch from internal carotid plexus to ophthalmic nerve (>1840)
icploc	communicating branch from internal carotid plexus to oculomotor nerve (>1840)
icplt	communicating branch from internal carotid plexus to trochlear nerve (>1840)
ICS	intercalated spinal nucleus (>1840)
icu1	intraculminate fissure 1 (>1840)
icupd	posterodorsal intraculminate fissure (Swanson, 1992)
id	inferior dental nerve (Meckel, 1817)
idi	internal dental branch of inferior dental nerve (>1840)
IF	interfascicular raphe nucleus (>1840)
IG	indusium griseum (Valentin, 1841)
IGL	intergeniculate leaflet (>1840)
ihc	intermediate hippocampal commissure (>1840)
ihn	iliohypogastric nerve (Schmidt, 1794)
ihna	anterior cutaneous branch of iliohypogastric nerve (>1840)
ihnl	lateral cutaneous branch of iliohypogastric nerve (>1840)
ihpl	inferior hypogastric plexus (Tiedemann, 1822)
III	oculomotor nucleus (>1840)
IIIc	oculomotor nerve central root (>1840)
IIIcr	oculomotor nerve central rootlets (>1840)
IIIg	branch of oculomotor nerve to ciliary ganglion (>1840)
IIIi	oculomotor nerve inferior branch (Haase, 1781)
IIIio	nerve to inferior oblique (>1840)
IIIir	nerve to inferior rectus (>1840)
IIImr	nerve to medial rectus (>1840)
IIIn	oculomotor nerve (Estienne, 1545)
IIIr	oculomotor nerve root (>1840)
IIIrl	oculomotor nerve rootlets (>1840)
IIIs	oculomotor nerve superior branch (Winslow, 1733)
IIIt	oculomotor nerve trunk (>1840)
IIn	optic nerve (Vicq d’Azyr, 1786)
ILA	infralimbic area (Rose & Woolsey, 1948)
ILA1-6	infralimbic area layers 1-6 (>1840)
ilin	ilio-inguinal nerve (Schmidt, 1794)
ILM	intralaminar thalamic nuclei (>1840)
iln	inferior laryngeal nerve (>1840)
im	thalamus internal medullary lamina (>1840)
IMD	intermediodorsal thalamic nucleus (>1840)
IML	intermediolateral nucleus (>1840)
IMLsa	intermediolateral nucleus sacral part (>1840)
IMLtl	intermediolateral nucleus thoracolumbar part (>1840)
IMM	intermediomedial nucleus (>1840)
imp	intermesenteric plexus (>1840)
impl	inferior mesenteric plexus (Rau, 1720)
In	olfactory nerve (Winslow, 1733)
INC	interstitial nucleus (>1840)
incn	internal carotid nerve (>1840)
incp	internal carotid plexus (>1840)
INF	infundibulum (Rioch et al., 1940)
ing	inferior gluteal nerve (Martin, 1781)
inm	infundibulum (>1840)
inn	incisor nerve (>1840)
INS	insular region (Brodmann, 1909)
int	internal capsule (Burdach, 1822)
INV	interstitial nucleus of vestibular nerve (>1840)
IO	inferior olivary complex (>1840)
IOda	inferior olivary complex dorsal accessory olive (>1840)
IOma	inferior olivary complex medial accessory olive (>1840)
ion	infraorbital nerve (Schaarschmidt, 1750)
ione	external nasal branches of infraorbital nerve (>1840)
ionl	superior labial branches of infraorbital nerve (Meckel, 1748)
ionp	inferior palpebral branches of infraorbital nerve (Meckel, 1748)
IOpr	inferior olivary complex principal olive (>1840)
IP	interposed nucleus (>1840)
ipf	intraparafloccular fissure (>1840)
ipfo	interpeduncular fossa (>1840)
IPN	interpeduncular nucleus (>1840)
IPNa	interpeduncular nucleus apical subnucleus (>1840)
IPNc	interpeduncular nucleus central subnucleus (>1840)
IPNd	interpeduncular nucleus dorsomedial subnucleus (>1840)
IPNi	interpeduncular nucleus intermediate subnucleus (>1840)
IPNl	interpeduncular nucleus lateral subnucleus (>1840)
IPNld	interpeduncular nucleus lateral subnucleus dorsal part (>1840)
IPNli	interpeduncular nucleus lateral subnucleus intermediate part (>1840)
IPNlr	interpeduncular nucleus lateral subnucleus rostral part (>1840)
IPNlv	interpeduncular nucleus lateral subnucleus ventral part (>1840)
IPNr	interpeduncular nucleus rostral subnucleus (>1840)
IPpc	interposed nucleus parvicellular part (>1840)
IPpr	interposed nucleus principal part (>1840)
ips	intraparietal sulcus (>1840)
irn	inferior rectal nerves (>1840)
irnn	intrinsic renal nerves (>1840)
irp	interbrain roof plate (>1840)
ISN	inferior salivatory nucleus (>1840)
IST	infundibular stem (Hanström, 1966)
IT	interthalamic adhesion (>1840)
itd	dorsal intersegmental tract (>1840)
iten	inferior testicular nerves (>1840)
itl	lateral intersegmental tract (>1840)
itrn	infratrochlear nerve (Schaarschmidt, 1750)
itv	ventral intersegmental tract (>1840)
iurn	inferior ureteric nerves (>1840)
IV	trochlear nucleus (>1840)
IVc	trochlear nerve central root (>1840)
IVd	trochlear nerve decussation (>1840)
IVF	interventricular foramen (>1840)
iVIIc	intermediate nerve central root (>1840)
iVIIn	intermediate nerve (>1840)
IVn	trochlear nerve (Molinetti, 1669)
ivpl	intrinsic vesical plexus (>1840)
IXc	glossopharyngeal nerve central root (>1840)
IXcr	glossopharyngeal nerve central rootlets (>1840)
IXn	glossopharyngeal nerve (Huber, 1744)
IXr	glossopharyngeal nerve root (>1840)
IXrl	glossopharyngeal nerve rootlets (>1840)
IXt	glossopharyngeal nerve trunk (Wrisberg, 1786; Günther, 1786)
IZ	intermediate spinal zone (>1840)
IZp	intermediate spinal zone proper (>1840)
jipl	jejunal & ileal plexuses (>1840)
jn	jugular nerves (>1840)
KF	parabrachial nucleus Kölliker-Fuse subnucleus (>1840)
LA	lateral amygdalar nucleus (>1840)
lab	longitudinal association bundle (Fox, 1940)
lam	terminal lamina (Burdach, 1822)
lamn	lateral ampullary nerve (>1840)
lan	lacrimal nerve (Meckel 1748; Bonhomme, 1748)
LAP	lateral aperture of fourth ventricle (>1840)
las	lateral cerebral sulcus (>1840)
LAT	lateral thalamic nuclei (>1840)
LAV	lateral vestibular nucleus (>1840)
lbIX	lingual branches of glossopharyngeal nerve (Haller, 1762)
LC	locus ceruleus (Wenzel & Wenzel, 1812)
lcf	longitudinal cerebral fissure (Gordon, 1815)
lcfdd	dorsal digital nerves of lateral cutaneous nerve of forearm (>1840)
lcfn	lateral cutaneous nerve of forearm (>1840)
lci	long ciliary nerves (Soemmerring, 1801)
LCN	lateral cervical nucleus (>1840)
lcnc	lateral cutaneous nerve of calf (>1840)
lcpl	left colic plexus (>1840)
lct	lateral cutaneous nerve of thigh (>1840)
LD	lateral dorsal thalamic nucleus (>1840)
ldc	lateral dorsal cutaneous nerve (>1840)
ldcdd	dorsal digital nerves of lateral dorsal cutaneous nerve (>1840)
LDT	laterodorsal tegmental nucleus (>1840)
leasp	least splanchnic nerve (>1840)
lem	lateral eminence (>1840)
lesp	lesser splanchnic nerve (Haller, 1762)
LGd	dorsal lateral geniculate nucleus (>1840)
lge	left gastroepiploic plexus (Wrisberg, 1800)
lgp	left gastric plexus (>1840)
LGv	ventral lateral geniculate nucleus (>1840)
LGvl	ventral lateral geniculate nucleus lateral zone (>1840)
LGvm	ventral lateral geniculate nucleus medial zone (>1840)
LH	lateral habenula (>1840)
LHA	lateral hypothalamic area (Nissl, 1913)
LHAa	lateral hypothalamic area anterior group anterior region (Swanson, 2004)
LHAad	lateral hypothalamic area anterior group anterior region dorsal zone (Swanson, 2004)
LHAag	lateral hypothalamic area anterior group (Swanson et al., 2005)
LHAai	lateral hypothalamic area anterior group anterior region intermediate zone (Swanson, 2004)
LHAav	lateral hypothalamic area anterior group anterior region ventral zone (Swanson, 2004)
LHAd	lateral hypothalamic area middle group lateral tier dorsal region (Swanson, 2004)
LHAjd	lateral hypothalamic area middle group medial tier juxtadorsomedial region (Swanson, 2004)
LHAjp	lateral hypothalamic area middle group medial tier juxtaparaventricular region (Swanson, 2004)
LHAjv	lateral hypothalamic area middle group medial tier juxtaventromedial region (Swanson, 2004)
LHAjvd	lateral hypothalamic area middle group medial tier juxtaventromedial region dorsal zone (Swanson, 2004)
LHAjvv	lateral hypothalamic area middle group medial tier juxtaventromedial region ventral zone (Swanson, 2004)
LHAl	lateral hypothalamic area middle group lateral tier (Swanson et al., 2005)
LHAm	lateral hypothalamic area middle group medial tier (Swanson et al., 2005)
LHAma	lateral hypothalamic area middle group lateral tier ventral region magnocellular nucleus (Paxinos & Watson, 1986)
LHAmg	lateral hypothalamic area middle group (Swanson et al., 2005)
LHAp	lateral hypothalamic area posterior group posterior region (Swanson, 2004)
LHApc	lateral hypothalamic area middle group lateral tier ventral region parvicellular region (Swanson, 2004)
LHApf	lateral hypothalamic area middle group perifornical tier (Swanson et al., 2005)
LHApg	lateral hypothalamic area posterior group (Swanson et al., 2005)
LHAs	lateral hypothalamic area middle group perifornical tier suprafornical region (Swanson, 2004)
LHAsf	lateral hypothalamic area middle group perifornical tier subfornical region (Swanson, 2004)
LHAsfa	lateral hypothalamic area middle group perifornical tier subfornical region anterior zone (Swanson, 2004)
LHAsfp	lateral hypothalamic area middle group perifornical tier subfornical region posterior zone (Swanson, 2004)
LHAsfpm	lateral hypothalamic area middle group perifornical tier subfornical region posterior zone premammillary subzone (Swanson, 2004)
LHAv	lateral hypothalamic area middle group lateral tier ventral region (Swanson et al., 2005)
LHAvl	lateral hypothalamic area middle group lateral tier ventral region lateral zone (Swanson, 2004)
LHAvm	lateral hypothalamic area middle group lateral tier ventral region medial zone (Swanson, 2004)
LI	cerebellar vermis lobule I (>1840)
LII,III	cerebellar vermis lobules II,III (>1840)
LIMB	limbic region (>1840)
LIN	linear medullary nucleus (>1840)
LING	cerebellar vermis lingula (Malacarne, 1776)
LIV,V	cerebellar vermis lobules IV,V (>1840)
LIX	cerebellar vermis lobule IX (>1840)
ll	lateral lemniscus (Bechterew, 1885b)
llc	inferior collicular lateral lemniscus (Swanson, 2018)
llp	pontine lateral lemniscus (Swanson, 2018)
LM	lateral mammillary nucleus (Gudden, 1881a)
lms	lateral midbrain sulcus (>1840)
ln	lingual nerve (Vesalius, 1543a)
lni	isthmus of fauces branches of lingual nerve (>1840)
lnl	lingual branches of lingual nerve (Arnold, 1834)
lon	lesser occipital nerve (Mayer, 1794)
lot	lateral olfactory tract (>1840)
lotd	dorsal limb of lateral olfactory tract (>1840)
lotp	principal lateral olfactory tract (Swanson, 2018)
LP	lateral posterior thalamic nucleus (>1840)
lpb	laryngopharyngeal branches of superior cervical ganglion (>1840)
lpen	lateral pectoral nerve (>1840)
lpf	longitudinal pontine fibers (Arnold, 1838b)
lpln	lateral plantar nerve (>1840)
lplncp	common plantar digital nerves of lateral plantar nerve (>1840)
lplnm	muscular branches of lateral plantar nerve (>1840)
lplnpp	proper plantar digital nerves of lateral plantar nerve (>1840)
lpn	lesser petrosal nerve (>1840)
LPO	lateral preoptic area (>1840)
lptg	lateral pterygoid nerve (>1840)
lrht	lateral retinohypothalamic tract (>1840)
LRN	lateral reticular nucleus (>1840)
LRNm	lateral reticular nucleus magnocellular part (>1840)
LRNp	lateral reticular nucleus parvicellular part (>1840)
lrst	lateral reticulospinal tract (>1840)
lrstm	medullary lateral reticulospinal tract (Swanson, 2015)
lrsts	spinal lateral reticulospinal tract (Swanson, 2015)
LS	lateral septal nucleus (Cajal, 1909-1911)
lsa	lateral septal arcuate fibers (>1840)
LSc	lateral septal nucleus caudal (caudodorsal) part (Risold & Swanson, 1997a)
LSc.d	lateral septal nucleus caudal (caudodorsal) part dorsal zone (Risold & Swanson, 1997a)
LSc.d.d	lateral septal nucleus caudal (caudodorsal) part dorsal zone dorsal region (Risold & Swanson, 1997a)
LSc.d.l	lateral septal nucleus caudal (caudodorsal) part dorsal zone lateral region (Risold & Swanson, 1997a)
LSc.d.r	lateral septal nucleus caudal (caudodorsal) part dorsal zone rostral region (Risold & Swanson, 1997a)
LSc.d.v	lateral septal nucleus caudal (caudodorsal) part dorsal zone ventral region (Risold & Swanson, 1997a)
lscn	lower subscapular nerve (>1840)
LSc.v	lateral septal nucleus caudal (caudodorsal) part ventral zone (Risold & Swanson, 1997a)
LSc.v.i	lateral septal nucleus caudal (caudodorsal) part ventral zone intermediate region (Risold & Swanson, 1997a)
LSc.v.l	lateral septal nucleus caudal (caudodorsal) part ventral zone lateral region (Risold & Swanson, 1997a)
LSc.v.l.d	lateral septal nucleus caudal (caudodorsal) part ventral zone lateral region dorsal domain (Risold & Swanson, 1997a)
LSc.v.l.v	lateral septal nucleus caudal (caudodorsal) part ventral zone lateral region ventral domain (Risold & Swanson, 1997a)
LSc.v.m	lateral septal nucleus caudal (caudodorsal) part ventral zone medial region (Risold & Swanson, 1997a)
LSc.v.m.d	lateral septal nucleus caudal (caudodorsal) part ventral zone medial region dorsal domain (Risold & Swanson, 1997a)
LSc.v.m.v	lateral septal nucleus caudal (caudodorsal) part ventral zone medial region ventral domain (Risold & Swanson, 1997a)
LSE	lumbosacral enlargement (>1840)
lsm	limiting sulcus of fourth ventricle (>1840)
LSN	lateral spinal nucleus (>1840)
lsp	lumbosacral plexus (Vesalius, 1543a)
LSr	lateral septal nucleus rostral (rostroventral) part (Risold & Swanson, 1997a)
LSr.dl	lateral septal nucleus rostral (rostroventral) part dorsolateral zone (Risold & Swanson, 1997a)
LSr.dl.l	lateral septal nucleus rostral (rostroventral) part dorsolateral zone lateral region (Risold & Swanson, 1997a)
LSr.dl.l.d	lateral septal nucleus rostral (rostroventral) part dorsolateral zone lateral region dorsal domain (Risold & Swanson, 1997a)
LSr.dl.l.v	lateral septal nucleus rostral (rostroventral) part dorsolateral zone lateral region ventral domain (Risold & Swanson, 1997a)
LSr.dl.m	lateral septal nucleus rostral (rostroventral) part dorsolateral zone medial region (Risold & Swanson, 1997a)
LSr.dl.m.d	lateral septal nucleus rostral (rostroventral) part dorsolateral zone medial region dorsal domain (Risold & Swanson, 1997a)
LSr.dl.m.v	lateral septal nucleus rostral (rostroventral) part dorsolateral zone medial region ventral domain (Risold & Swanson, 1997a)
LSr.m	lateral septal nucleus rostral (rostroventral) part medial zone (Risold & Swanson, 1997a)
LSr.m.d	lateral septal nucleus rostral (rostroventral) part medial zone dorsal region (Risold & Swanson, 1997a)
LSr.m.v	lateral septal nucleus rostral (rostroventral) part medial zone ventral region (Risold & Swanson, 1997a)
LSr.m.v.c	lateral septal nucleus rostral (rostroventral) part medial zone ventral region caudal domain (Risold & Swanson, 1997a)
LSr.m.v.r	lateral septal nucleus rostral (rostroventral) part medial zone ventral region rostral domain (Risold & Swanson, 1997a)
LSr.vl	lateral septal nucleus rostral (rostroventral) part ventrolateral zone (Risold & Swanson, 1997a)
LSr.vl.d	lateral septal nucleus rostral (rostroventral) part ventrolateral zone dorsal region (Risold & Swanson, 1997a)
LSr.vl.d.l	lateral septal nucleus rostral (rostroventral) part ventrolateral zone dorsal region lateral domain (Risold & Swanson, 1997a)
LSr.vl.d.m	lateral septal nucleus rostral (rostroventral) part ventrolateral zone dorsal region medial domain (Risold & Swanson, 1997a)
LSr.vl.v	lateral septal nucleus rostral (rostroventral) part ventrolateral zone ventral region (Risold & Swanson, 1997a)
lst	lumbosacral trunk (Cruveilhier, 1836)
lstr	L6-S1 trunk (>1840)
LSv	lateral septal nucleus ventral part (Risold & Swanson, 1997a)
LSX	lateral septal complex (Risold & Swanson, 1997a)
LT	lateral terminal nucleus of accessory optic tract (>1840)
lth	long thoracic nerve (Quain & Wilson, 1839)
LTN	lateral tegmental nucleus (Swanson, 1998)
lts	longitudinal tectal sulcus (>1840)
lun1-6	lumbar nerves (Diemerbroeck, 1672)
lup	lumbar plexus (Vesalius, 1543a)
lupdd	lumbar plexus dorsal divisions (Paterson, 1887)
lupv	lumbar plexus ventral branches (>1840)
lupvd	lumbar plexus ventral divisions (Paterson, 1887)
lupvm	muscular branches of lumbar plexus ventral branches (>1840)
lusp	lumbar splanchnic nerves (Cruveilhier, 1836)
LVI	cerebellar vermis lobule VI (>1840)
LVII	cerebellar vermis lobule VII (>1840)
LVIII	cerebellar vermis lobule VIII (>1840)
lvst	lateral vestibulospinal tract (>1840)
lvstm	medullary lateral vestibulospinal tract (Swanson, 2015)
lvsts	spinal lateral vestibulospinal tract (Swanson, 2015)
LX	cerebellar vermis lobule X (>1840)
lXII	lingual branches of hypoglossal nerve (Cloquet, 1816)
MA	magnocellular nucleus (Swanson, 2004)
MAN	medial accessory oculomotor nucleus (>1840)
MARN	magnocellular reticular nucleus (>1840)
mas	marginal sulcus (>1840)
max	maxillary nerve (Meckel, 1753)
maxm	meningeal branch of maxillary nerve (>1840)
MB	midbrain (Baer, 1837)
MBO	mammillary body (Ludwig, 1799)
mbr	meningeal branch of spinal nerve trunk (>1840)
MBV	midbrain vesicle (Baer, 1837)
MC	medullary cone (Bock, 1827)
mca	medial cutaneous nerve of arm (>1840)
mcf	medial cutaneous nerve of forearm (>1840)
mcm	muscular branches of musculocutaneous nerve (Günther, 1786)
mcn	musculocutaneous nerve (Du Verney, 1697)
mcp	middle cerebellar peduncle (Rolando, 1819)
mcpl	middle cerebral artery plexus (>1840)
mct	medial corticohypothalamic tract (Gurdjian, 1927)
MD	mediodorsal thalamic nucleus (>1840)
mdb	mandibular nerve (>1840)
mdba	anterior branch of mandibular nerve (>1840)
mdbp	posterior branch of mandibular nerve (>1840)
mdbs	mandibular nerve sensory root (>1840)
mdbt	mandibular nerve trunk (>1840)
MDc	mediodorsal thalamic nucleus central part (>1840)
MDl	mediodorsal thalamic nucleus lateral part (>1840)
MDm	mediodorsal thalamic nucleus medial part (>1840)
mdn	median nerve (Du Verney, 1697)
mdncpd	common palmar digital nerves of median nerve (>1840)
mdnm	muscular branches of median nerve (Martin, 1781)
mdnp	palmar branch of median nerve (Bock, 1827)
mdnppd	proper palmar digital nerves of median nerve (>1840)
MDRN	medullary reticular nucleus (>1840)
MDRNd	medullary reticular nucleus dorsal part (>1840)
MDRNv	medullary reticular nucleus ventral part (>1840)
ME	median eminence (Tilney, 1936)
MEA	medial amygdalar nucleus (Johnston, 1923)
MEAad	medial amygdalar nucleus anterodorsal part (>1840)
MEAav	medial amygdalar nucleus anteroventral part (>1840)
MEApd	medial amygdalar nucleus posterodorsal part (>1840)
MEApd-a	medial amygdalar nucleus posterodorsal part sublayer a (>1840)
MEApd-b	medial amygdalar nucleus posterodorsal part sublayer b (>1840)
MEApd-c	medial amygdalar nucleus posterodorsal part sublayer c (>1840)
MEApv	medial amygdalar nucleus posteroventral part (>1840)
MED	medial thalamic nuclei (>1840)
MEex	median eminence external lamina (>1840)
MEin	median eminence internal lamina (>1840)
mem1,2	mesomere 1 and 2 (>1840)
MEN	meninges (Smith Papyrus, c1700 BC)
ment	mental nerve (Cheselden, 1726)
mentl	inferior labial branches of mental nerve (Meckel, 1753)
mentm	mental branches of mental nerve (Arnold, 1834)
MEPO	median preoptic nucleus (Loo, 1931)
MEV	midbrain nucleus of trigeminal nerve (>1840)
mfb	medial forebrain bundle (Edinger, 1893)
mfbh	hypothalamic medial forebrain bundle (Swanson, 2015)
mfbm	medullary medial forebrain bundle (Swanson, 2015)
mfbp	pontine medial forebrain bundle (Swanson, 2015)
mfbs	spinal medial forebrain bundle (Swanson, 2015)
mfbt	tegmental medial forebrain bundle (Swanson, 2015)
MG	medial geniculate complex (>1840)
MGd	medial geniculate complex dorsal part (>1840)
MGm	medial geniculate complex medial part (>1840)
MGv	medial geniculate complex ventral part (>1840)
MH	medial habenula (>1840)
mhn	mylohyoid nerve (Meckel, 1748)
mic	middle commissure (>1840)
micpl	middle colic plexus (>1840)
ml	medial lemniscus (>1840)
mld	medial lemniscus decussation (>1840)
mle	medial eminence (>1840)
mlf	medial longitudinal fascicle (>1840)
mlfm	medullary medial longitudinal fascicle (Swanson, 2015)
mlfp	pontine medial longitudinal fascicle (Swanson, 2015)
mlfs	spinal medial longitudinal fascicle (Swanson, 2015)
mlft	tegmental medial longitudinal fascicle (Swanson, 2015)
mlm	medullary medial lemniscus (Swanson, 2015)
mlp	pontine medial lemniscus (Swanson, 2015)
mlt	thalamic medial lemniscus (Swanson, 2015)
mltg	tegmental medial lemniscus (Swanson, 2015)
MM	medial mammillary nucleus (Gudden, 1881a)
MMme	medial mammillary nucleus median part (>1840)
MMpr	medial mammillary nucleus principal part (Swanson, 2018)
mms	medial midbrain sulcus (>1840)
mn	masseteric nerve (Meckel, 1748)
mnl	lateral root of median nerve (>1840)
mnm	medial root of median nerve (>1840)
MO	somatomotor areas (>1840)
MOB	main olfactory bulb (>1840)
MOBgr	main olfactory bulb granule cell layer (>1840)
MOBgl	main olfactory bulb glomerular layer (>1840)
MOBipl	main olfactory bulb inner plexiform layer (>1840)
MOBmi	main olfactory bulb mitral layer (>1840)
MOBnl	main olfactory bulb olfactory nerve layer (>1840)
MOBopl	main olfactory bulb outer plexiform layer (>1840)
MOp	primary somatomotor area (>1840)
MOp1-6	primary somatomotor area layers 1-6 (>1840)
MOs	secondary somatomotor areas (>1840)
MOs1-6	secondary somatomotor areas layers 1-6 (>1840)
moV	trigeminal nerve motor root (Bell, 1829)
moVc	trigeminal nerve central motor root (>1840)
mp	mammillary peduncle (>1840)
mpen	medial pectoral nerve (>1840)
mph	hypothalamic mammillary peduncle (Swanson, 2018)
mpln	medial plantar nerve (>1840)
mplncp	common plantar digital nerves of medial plantar nerve (>1840)
mplnm	muscular branches of medial plantar nerve (>1840)
mplnpp	proper plantar digital nerves of medial plantar nerve (>1840)
MPN	medial preoptic nucleus (Gurdjian, 1927)
MPNc	medial preoptic nucleus central part (Simerly et al., 1984)
MPNl	medial preoptic nucleus lateral part (Simerly et al., 1984)
MPNm	medial preoptic nucleus medial part (Simerly et al., 1984)
MPO	medial preoptic area (Simerly et al., 1984)
MPT	medial pretectal area (>1840)
mptg	tegmental mammillary peduncle (Swanson, 2018)
mptn	medial pterygoid nerve (>1840)
mrht	medial retinohypothalamic tract (>1840)
MRN	midbrain reticular nucleus (>1840)
MRNm	midbrain reticular nucleus magnocellular part (Swanson, 2004)
MRNp	midbrain reticular nucleus parvicellular part (Swanson, 2004)
mrp	medullary roof plate (>1840)
mrpl	middle rectal plexus (>1840)
mrst	medial reticulospinal tract (>1840)
mrstm	medullary medial reticulospinal tract (Swanson, 2015)
mrstp	pontine medial reticulospinal tract (Swanson, 2015)
mrsts	spinal medial reticulospinal tract (Swanson, 2015)
MS	medial septal nucleus (>1840)
ms4	median sulcus of fourth ventricle (>1840)
MSC	medial septal complex (Swanson et al., 1987)
MT	medial terminal nucleus of accessory optic tract (>1840)
mtg	mammillotegmental tract (Kölliker, 1896)
mtgh	hypothalamic mammillotegmental tract (Swanson, 2015)
mtgt	tegmental mammillotegmental tract (Swanson, 2015)
MTN	midline thalamic nuclei (>1840)
mtt	mammillothalamic tract (Kölliker, 1896)
mtth	hypothalamic mammillothalamic tract (Swanson, 2018)
mttt	thalamic mammillothalamic tract (Swanson, 2015)
mtV	midbrain tract of trigeminal nerve (>1840)
mtVp	pontine segment of midbrain tract of trigeminal nerve (Swanson, 2015)
mtVt	tegmental segment of midbrain tract of trigeminal nerve (Swanson, 2015)
murn	middle ureteric nerves (>1840)
MV	medial vestibular nucleus (>1840)
MY	medulla (Winslow, 1733)
MZ	marginal zone of spinal cord (>1840)
n	nerves (Herophilus, c335-c280 BC)
NB	nucleus of brachium of inferior colliculus (>1840)
NBC	nucleus of bulbocavernosus (>1840)
NC	nucleus circularis (>1840)
ncn	nasociliary nerve (Meckel, 1817; Wutzer, 1817)
NCR	neural crest (>1840)
ND	nucleus of Darkschewitsch (>1840)
NDB	diagonal band nucleus (>1840)
NEP	neural placodes (>1840)
nf	nodular fissure (Swanson, 1992)
nfdl	nerve to flexor digitorum longus (>1840)
nfhl	nerve to flexor hallucis longus (>1840)
nfo	neural folds (>1840)
ng	neural groove (>1840)
nga	nerves to gastrocnemius (>1840)
nh	nerve to hamstring muscles (>1840)
NI	nucleus incertus (Streeter, 1903)
NIc	nucleus incertus compact part (Goto et al., 2001)
NId	nucleus incertus diffuse part (Goto et al., 2001)
NIS	nucleus intercalatus (>1840)
NLL	nucleus of lateral lemniscus (>1840)
NLLd	nucleus of lateral lemniscus dorsal part (>1840)
NLLh	nucleus of lateral lemniscus horizontal part (>1840)
NLLv	nucleus of lateral lemniscus ventral part (>1840)
NLOT	nucleus of lateral olfactory tract (Swanson & Petrovich, 1998)
NLOT1	nucleus of lateral olfactory tract molecular layer (>1840)
NLOT2	nucleus of lateral olfactory tract pyramidal layer (>1840)
NLOT3	nucleus of lateral olfactory tract dorsal cap (Gurdjian, 1928)
NOD	cerebellar vermis nodule (Reil, 1807-1808a)
noi	nerve to obturator internus (>1840)
NOT	nucleus of optic tract (>1840)
NP	nucleus proprius of spinal cord (>1840)
NPC	nucleus of posterior commissure (>1840)
NPL	neural plate (Stricker, 1860)
npla	nerve to plantaris (>1840)
npn	nasopalatine nerve (Scarpa, 1785)
npt	nerve of pterygoid canal (>1840)
nqf	nerve to quadratus femoris (>1840)
nqfa	articular branch of nerve to quadratus femoris (>1840)
NR	nucleus of Roller (>1840)
NS	nervous system (Monro, 1783)
nsh	nerve to short head of biceps femoris (>1840)
nso	nerve to soleus (>1840)
nsp	nervus spinosus (>1840)
nst	nigrostriatal tract (>1840)
nste	endbrain nigrostriatal tract (Swanson, 2018)
nsth	hypothalamic nigrostriatal tract (Swanson, 2018)
nstt	tegmental nigrostriatal tract (Swanson, 2018)
NT	neural tube (Baer, 1837)
NTB	nucleus of trapezoid body (>1840)
nte	nigrotectal tract (>1840)
ntet	tectal nigrotectal tract (Swanson, 2018)
ntetg	tegmental nigrotectal tract (Swanson, 2018)
ntp	nerve to tibialis posterior (Cruveilhier, 1836)
NTS	nucleus of solitary tract (>1840)
NTSce	nucleus of solitary tract medial part caudal zone general central subzone (>1840)
NTSco	nucleus of solitary tract commissural part (>1840)
NTSge	nucleus of solitary tract medial part caudal zone general gelatinous subzone (>1840)
NTSl	nucleus of solitary tract lateral part (>1840)
NTSm	nucleus of solitary tract medial part (>1840)
NTSmc	nucleus of solitary tract medial part caudal zone general caudal subzone (>1840)
NTSmcg	nucleus of solitary tract medial part caudal zone general (>1840)
NTSmr	nucleus of solitary tract medial part rostral zone (>1840)
NTSP	spinal cord part of neural tube (>1840)
ntt	nigrothalamic tract (>1840)
ntti	interbrain nigrothalamic tract (Swanson, 2018)
nttt	tegmental nigrothalamic tract (Swanson, 2018)
ntv	nerve to tensor veli palatini (>1840)
nty	nerve to tensor tympani (Arnold, 1834)
O	obex (Burdach, 1822)
OB	olfactory bulb (Weitbrecht, 1751)
obt	obturator nerve (Cheselden, 1726)
obta	anterior branch of obturator nerve (Haase, 1781; Martin, 1781)
obtam	muscular branches of anterior branch of obturator nerve (>1840)
obtar	articular branch of anterior branch of obturator nerve (>1840)
obtc	cutaneous branch of obturator nerve (>1840)
obtp	posterior branch of obturator nerve (Haase, 1781; Martin, 1781)
obtpm	muscular branches of posterior branch of obturator nerve (>1840)
OCC	occipital region (Vesalius, 1543a)
ocf	radiation of corpus callosum occipital forceps (>1840)
och	optic chiasm (Galen, c173)
OCP	occipital pole (Broca, 1878a)
oct	olivocerebellar tract (>1840)
OE	olfactory epithelium (1840)
ol	olive (Tiedemann, 1821)
OLF	olfactory region (>1840)
olp	olfactory placode (>1840)
ols	olfactory sulcus (Quain, 1834)
ON	Onuf’s nucleus (>1840)
OP	olivary pretectal nucleus (>1840)
oph	ophthalmic nerve (Winslow, 1733)
opm	oropharyngeal membrane (>1840)
oppl	ophthalmic plexus (>1840)
opt	optic tract (Vicq d’Azyr, 1784)
opth	hypothalamic optic tract (Swanson, 2015)
optt	thalamic optic tract (Swanson, 2015)
OPV	optic vesicle (>1840)
ORB	orbital region (Rolando, 1831)
ORBl	lateral orbital area (Krettek & Price, 1977a)
ORBl1-6	lateral orbital area layers 1-6 (>1840)
ORBm	medial orbital area (Krettek & Price, 1977a)
ORBm1-6	medial orbital area layers 1-6 (>1840)
ORBv	ventral orbital area (Krettek & Price, 1977a)
ORBv1-6	ventral orbital area layers 1-6 (>1840)
ORBvl	ventrolateral orbital area (Krettek & Price, 1977a)
ORBvl1-6	ventrolateral orbital area layers 1-6 (>1840)
OT	olfactory tubercle (Calleja, 1893)
OTisl	olfactory tubercle islands of Calleja (>1840)
OTislm	olfactory tubercle major island of Calleja (>1840)
OT1	olfactory tubercle molecular layer (>1840)
OT2	olfactory tubercle pyramidal layer (>1840)
OT3	olfactory tubercle polymorph layer (>1840)
OV	vascular organ of lamina terminalis (>1840)
ovp	ovarian plexus (Cruveilhier, 1836)
P	pons (Haller, 1747)
PA	posterior amygdalar nucleus (Canteras et al., 1992a)
PAA	piriform-amygdalar area (Canteras et al., 1992)
PAA1-3	piriform-amygdalar area layers 1-3 (Canteras et al., 1992)
PAG	periaqueductal gray (>1840)
PAGdl	periaqueductal gray dorsolateral column (Carrive et al., 1997)
PAGdm	periaqueductal gray dorsomedial column (Carrive et al., 1997)
PAGl	periaqueductal gray lateral column (Carrive et al., 1997)
PAGm	periaqueductal gray medial division (Beitz, 1985)
PAGrl	periaqueductal gray rostrolateral division (Swanson, 1998)
PAGrm	periaqueductal gray rostromedial division (Swanson, 1998)
PAGvl	periaqueductal gray ventrolateral column (Carrive et al., 1997)
PAGvm	periaqueductal gray ventromedial column (Swanson, 2018)
PAL	pallidum (Swanson, 2000a)
pam	posterior ampullary nerve (>1840)
pan	palatine nerves (Schaarschmidt, 1750)
panp	pancreatic plexus (Cruveilhier, 1836)
paop	preaortic plexus (Arnulf, 1939)
paos	parieto-occipital sulcus (>1840)
PAR	parasubiculum (>1840)
PAR1-6	parasubiculum layers 1-6 (>1840)
PARN	parvicellular reticular nucleus (>1840)
PAS	parasolitary nucleus (>1840)
PAT	paratrigeminal nucleus (>1840)
paun	posterior auricular nerve (Meckel, 1753)
pav	paravertebral nerves (Swanson & Bota, 2010)
PB	parabrachial nucleus (>1840)
PBG	parabigeminal nucleus (>1840)
PBl	parabrachial nucleus lateral division (>1840)
PBlc	parabrachial nucleus lateral division central part (>1840)
PBld	parabrachial nucleus lateral division dorsal part (>1840)
PBle	parabrachial nucleus lateral division external part (>1840)
PBlex	parabrachial nucleus lateral division extreme part (>1840)
PBli	parabrachial nucleus lateral division internal part (>1840)
PBls	parabrachial nucleus lateral division superior part (>1840)
PBlv	parabrachial nucleus lateral division ventral part (>1840)
PBm	parabrachial nucleus medial division (>1840)
PBme	parabrachial nucleus medial division external part (Fulwiler & Saper, 1984)
PBmm	parabrachial nucleus medial division medial part (Fulwiler & Saper, 1984)
PBmv	parabrachial nucleus medial division ventral part (Swanson, 1992)
pc	posterior commissure (Winslow, 1733)
pce	precentral fissure (>1840)
pcea	precentral fissure a (>1840)
pceb	precentral fissure b (Swanson, 1992)
pcf	preculminate fissure (Smith, 1903)
PCG	pontine central gray (>1840)
PCGg	pontine central gray general (Swanson, 2004)
PCN	paracentral thalamic nucleus (Gurdjian, 1927)
pcnf	posterior cutaneous nerve of forearm (>1840)
pcpl	posterior cerebral artery plexus (Chaussier, 1789)
pct	posterior cutaneous nerve of thigh (Günther, 1786)
PD	posterodorsal preoptic nucleus (Simerly et al., 1984)
pdl	peduncular loop (Gratiolet, 1857)
pdp	pancreaticoduodenal plexus (Wrisberg, 1800)
pen	perineal nerve (Camper, 1762)
penm	muscular branches of perineal nerve (>1840)
per	perforant path (>1840)
PERI	perirhinal area (Brodmann, 1909)
PERI1-6	perirhinal area layers 1-6 (>1840)
pes	peduncular sulcus (Swanson, 2018)
PF	parafascicular nucleus (Vogt, 1909)
PFC	primary forebrain vesicle (Baer, 1837)
pff	parafloccular fissure (>1840)
PFL	cerebellar hemisphere paraflocculus (Stroud, 1895)
PGRN	paragigantocellular reticular nucleus (>1840)
PGRNd	paragigantocellular reticular nucleus dorsal part (>1840)
PGRNl	paragigantocellular reticular nucleus lateral part (>1840)
PH	posterior hypothalamic nucleus (>1840)
phn	phrenic nerve (Galen, c173)
phna	accessory phrenic nerve (>1840)
phpl	pharyngeal plexus (Neubauer, 1772)
phrp	phrenic plexus (Loder, 1778)
pht	propriohypothalamic tracts (Thompson & Swanson, 2003)
PHV	primary hindbrain vesicle (Baer, 1837)
PHY	perihypoglossal nuclei (>1840)
PI	pia (Galen, c192)
PIAR	pia-arachnoid (>1840)
PIR	piriform area (Smith, 1919)
PIR1	piriform area molecular layer (>1840)
PIR2	piriform area pyramidal layer (>1840)
PIR3	piriform area polymorph layer (>1840)
pirn	piriformis nerve (>1840)
pIX	pharyngeal branches of glossopharyngeal nerve (Neubauer, 1772)
PL	prelimbic area (Brodmann, 1909)
PL1-6	prelimbic area layers 1-6 (>1840)
pla	posterior labial nerves (>1840)
plf	posterolateral fissure (Larsell, 1937)
PLR	pallidal ridge (>1840)
plx	plexus (Galen, c192)
pm	principal mammillary tract (Kölliker, 1896)
PMd	dorsal premammillary nucleus (>1840)
pmf	paramedian fissure (>1840)
PMIV	primary midbrain vesicle (Baer, 1837)
PMR	paramedian reticular nucleus (>1840)
PMv	ventral premammillary nucleus (>1840)
pmx	premammillary commissure (Risold et al., 1994)
PN	phrenic nucleus (>1840)
PNS	peripheral nervous system (Meckel, 1817)
pnt	peripheral nerve cord trunk (Swanson & Bota, 2010)
PO	posterior thalamic complex (>1840)
poc	preoptic commissure (Risold et al., 1994)
pof	postcommissural fornix (Loo, 1931)
pofh	hypothalamic postcommissural fornix (Swanson, 2015)
pofs	septal postcommissural fornix (Swanson, 2015)
pog	postotic groove (>1840)
poin	posterior interosseous nerve (Quain & Wilson, 1839)
POL	posterior limiting thalamic nucleus (>1840)
PON	pontine nuclei (Jacobsohn, 1909)
PONg	pontine nuclei general (Swanson, 2018)
POR	periolivary region (>1840)
pos	preotic sulcus (>1840)
POST	postsubiculum (Swanson & Cowan, 1977)
POST1-6	postsubiculum layers 1-6 (>1840)
POT	posterior thalamic nuclei (>1840)
PP	peripeduncular nucleus (>1840)
ppf	prepyramidal fissure (Hayashi, 1924)
PPN	pedunculopontine nucleus (>1840)
PPT	posterior pretectal nucleus (>1840)
PPY	parapyramidal nucleus (Swanson, 1998)
PPYd	parapyramidal nucleus deep part (Swanson, 1998)
PPYs	parapyramidal nucleus superficial part (Fukuda et al., 1993)
PR	perireuniens nucleus (Brittain, 1988)
PRC	periaqueductal gray precommissural nucleus (Paxinos & Watson, 1986)
PRE	presubiculum (Swanson & Cowan, 1977)
PRE1-6	presubiculum layers 1-6 (>1840)
pren	prevertebral nerves (Swanson & Bota, 2010)
prep	prevertebral plexuses (Quain, 1837)
prf	precommissural fornix (Loo, 1931)
pri	primary fissure (Smith, 1902)
PRM	cerebellar hemisphere paramedian lobule (>1840)
PRN	pontine reticular nucleus (>1840)
PRNc	pontine reticular nucleus caudal part (>1840)
PRNr	pontine reticular nucleus rostral part (>1840)
PRP	nucleus prepositus (>1840)
prpl	prostatic plexus (>1840)
PRT	pretectal region (>1840)
PS	parastrial nucleus (Simerly et al., 1984)
PSCH	suprachiasmatic preoptic nucleus (Simerly et al., 1984)
pscr	posterior scrotal nerves (Mayer, 1794)
psd	posterior superior dental nerve (Haller, 1762)
psf	posterior superior fissure (>1840)
psn	posterior superior nasal nerves (Soemmerring, 1791)
psnm	medial posterior superior nasal nerves (>1840)
psp	pelvic splanchnic nerves (Gaskell, 1886)
PST	preparasubthalamic nucleus (Swanson, 2004)
PSTN	parasubthalamic nucleus (Wang & Zhang, 1995)
psu	pontine sulcus (Soemmerring, 1778)
PSV	principal sensory nucleus of trigeminal nerve (>1840)
PT	paratenial nucleus (>1840)
ptf	pallidotegmental fascicle (>1840)
ptfc	cerebral nuclei segment of pallidotegmental fascicle (Swanson, 2018)
ptfd	dorsal thalamic branch of pallidotegmental fascicle (Swanson, 2018)
ptfe	epithalamic branch of pallidotegmental fascicle (Swanson, 2018)
ptfh	hypothalamic pallidotegmental fascicle (Swanson, 2018)
ptftg	tegmental pallidotegmental fascicle (Swanson, 2018)
pthf	pallidothalamic fascicle (>1840)
pthfc	cerebral nuclei segment of pallidothalamic fascicle (Swanson, 2018)
pthft	thalamic pallidothalamic fascicle (Swanson, 2018)
PTL	parietal region (>1840)
PTLp	posterior parietal association areas (>1840)
PTLp1-6	posterior parietal association areas layers 1-6 (>1840)
ptn	pterygopalatine nerves (Wrisberg, 1786)
ptno	orbital branches of pterygopalatine ganglion (>1840)
pun	pudendal nerve (Camper, 1762)
pupl	pulmonary plexus (Winslow, 1733)
puX	pulmonary branches of vagus nerve (Cloquet, 1828)
PVa	periventricular hypothalamic nucleus anterior part (Swanson, 2018)
PVaa	periventricular hypothalamic nucleus anterior part anterior zone (Swanson, 2018)
pvbh	periventricular bundle of hypothalamus (>1840)
pvbt	periventricular bundle of thalamus (>1840)
PVH	paraventricular hypothalamic nucleus (>1840)
PVHam	paraventricular hypothalamic nucleus magnocellular division anterior magnocellular part (Swanson & Kuypers, 1980)
PVHap	paraventricular hypothalamic nucleus parvicellular division anterior parvicellular part (>1840)
PVHd	paraventricular hypothalamic nucleus descending division (>1840)
PVHdp	paraventricular hypothalamic nucleus descending division dorsal parvicellular part (>1840)
PVHf	paraventricular hypothalamic nucleus descending division forniceal part (>1840)
PVHlp	paraventricular hypothalamic nucleus descending division lateral parvicellular part (>1840)
PVHm	paraventricular hypothalamic nucleus magnocellular division (>1840)
PVHmpd	paraventricular hypothalamic nucleus parvicellular division medial parvicellular part dorsal zone (Swanson & Simmons, 2008)
PVHmpdl	paraventricular hypothalamic nucleus parvicellular division medial parvicellular part dorsal zone lateral wing (Swanson & Simmons, 2008)
PVHmpv	paraventricular hypothalamic nucleus descending division medial parvicellular part ventral zone (>1840)
PVHp	paraventricular hypothalamic nucleus parvicellular division (>1840)
PVHpm	paraventricular hypothalamic nucleus magnocellular division posterior magnocellular part (>1840)
PVHpml	paraventricular hypothalamic nucleus magnocellular division posterior magnocellular part lateral zone (>1840)
PVHpmm	paraventricular hypothalamic nucleus magnocellular division posterior magnocellular part medial zone (>1840)
PVHpv	paraventricular hypothalamic nucleus parvicellular division periventricular part (>1840)
PVi	periventricular hypothalamic nucleus anterior part intermediate zone (Swanson, 2018)
PVp	periventricular hypothalamic nucleus posterior part (>1840)
PVpo	periventricular hypothalamic nucleus anterior part preoptic zone (Swanson, 2018)
PVT	paraventricular thalamic nucleus (>1840)
pX	pharyngeal branches of vagus nerve (Wrisberg, 1786)
py	pyramid (Willis, 1664)
pyb	pyloric branches of anterior vagal trunk (>1840)
pyd	pyramidal decussation (Reil, 1809c)
pyf	pyramidal fissure (Swanson, 1992)
PYR	cerebellar vermis pyramis (Malacarne, 1776)
R	retina (Herophilus, 335-263 BC)
ran	radial nerve (Du Verney, 1697)
rand	deep branch of radial nerve (Martin, 1781)
randd	dorsal digital nerves of radial nerve (>1840)
ranm	muscular branches of radial nerve (>1840)
rans	superficial branch of radial nerve (Martin, 1781)
RB	rhombicbrain (His, 1893b)
RCH	lateral hypothalamic area anterior group retrochiasmatic area (>1840)
rcpl	right colic plexus (>1840)
rct	reticulocerebellar tract (>1840)
RE	nucleus reuniens (Malone, 1910)
REc	nucleus reuniens caudal division (Risold et al., 1997)
REcd	nucleus reuniens caudal division dorsal part (Risold et al., 1997)
REcm	nucleus reuniens caudal division median part (Risold et al., 1997)
REcp	nucleus reuniens caudal division posterior part (Risold et al., 1997)
ren	renal nerves (Haase, 1781)
repl	renal plexus (Drake, 1707)
REr	nucleus reuniens rostral division (Risold et al., 1997)
REra	nucleus reuniens rostral division anterior part (Risold et al., 1997)
RErd	nucleus reuniens rostral division dorsal part (Risold et al., 1997)
RErl	nucleus reuniens rostral division lateral part (Risold et al., 1997)
RErm	nucleus reuniens rostral division median part (Risold et al., 1997)
RErv	nucleus reuniens rostral division ventral part (Risold et al., 1997)
Rgcl	retina ganglion cell layer (>1840)
rge	right gastroepiploic plexus (Wrisberg, 1800)
rgp	right gastric plexus (>1840)
RH	rhomboid nucleus (Cajal, 1904)
rh1-7	rhombomeres 1-7 (>1840)
rhA	rhombomere A (>1840)
rhB	rhombomere B (>1840)
rhC	rhombomere C (>1840)
RHL	rhombic lip (>1840)
RHP	retrohippocampal region (Swanson et al., 1987)
rhs	rhinal sulcus (>1840)
ri	rhinal incisure (>1840)
ric	recessus incertus (Chatfield & Lyman, 1954)
Rinl	retina inner nuclear layer (>1840)
Ripl	retina inner plexiform layer (>1840)
RL	rostral linear raphe nucleus (>1840)
rln	recurrent laryngeal nerve (Albinus, 1744)
rlne	esophageal branches of recurrent laryngeal nerve (Arnold, 1834)
rlnt	tracheal branches of recurrent laryngeal nerve (>1840)
rlr	rostrolateral ridge (>1840)
RM	magnus raphe nucleus (>1840)
RMVE	rostral medullary velum (>1840)
RN	red nucleus (Burdach, 1822)
RO	obscurus raphe nucleus (>1840)
Ronl	retina outer nuclear layer (>1840)
Ropl	retina outer plexiform layer (>1840)
RPA	pallidal raphe nucleus (>1840)
rpl	roof plate (>1840)
rple	ependymal roof plate (>1840)
RPO	pontine raphe nucleus (>1840)
RR	midbrain reticular nucleus retrorubral area (Berman, 1968)
rrt	rubroreticular tract (>1840)
rrtm	medullary rubroreticular tract (Swanson, 2018)
rrtp	pontine rubroreticular tract (Swanson, 2018)
rrtt	tegmental rubroreticular tract (Swanson, 2018)
RSP	retrosplenial area (Vogt & Peters, 1981)
RSPagl	retrosplenial area lateral agranular part (Risold & Swanson, 1995b)
RSPagl1-6	retrosplenial area lateral agranular part layers 1-6 (Risold & Swanson, 1995b)
RSPd	retrosplenial area dorsal part (Swanson, 1992)
RSPd1-6	retrosplenial area dorsal part layers 1-6 (>1840)
RSPv	retrosplenial area ventral part anterior zone (Swanson, 2018)
RSPv1-6	retrosplenial area ventral part anterior zone layers 1-6 (Swanson, 2018)
RSPv.a	retrosplenial area ventral part zone a (Brodmann, 1909)
RSPv.a1-6	retrosplenial area ventral part zone a layers 1-6 (>1840)
RSPv.b/c	retrosplenial area ventral part zone b/c (Swanson, 1992)
RSPv.b/c1-6	retrosplenial area ventral part zone b/c layers 1-6 (>1840)
RSPve	retrosplenial area ventral part (Swanson, 1992)
RT	reticular thalamic nucleus (>1840)
rust	rubrospinal tract (>1840)
rustm	medullary rubrospinal tract (Swanson, 2015)
rustp	pontine rubrospinal tract (Swanson, 2015)
rusts	spinal rubrospinal tract (Swanson, 2015)
rustt	tegmental rubrospinal tract (Swanson, 2015)
sac	saccular nerve (>1840)
SAG	nucleus sagulum (>1840)
san1-4	sacral nerves (Camper, 1760)
sao	superior fascicle of accessory optic system (Hayhow et al., 1960)
sap	saphenous nerve (Haase, 1781)
sapl	sacral plexus (Vesalius, 1543a)
sapldd	sacral plexus dorsal divisions (Paterson, 1887)
saplv	sacral plexus ventral branches (>1840)
saplvd	sacral plexus ventral divisions (Paterson, 1887)
SAS	subarachnoid space (Magendie, 1827)
sasp	sacral splanchnic nerves (>1840)
SBPV	subparaventricular zone (Watts et al., 1987)
sbt	subiculothalamic tract (Swanson et al., 1987)
SC	superior colliculus (Haller, 1762)
sca	superior cardiac nerve (Neubauer, 1772)
scc	sulcus of corpus callosum (>1840)
sccX	superior cervical cardiac branches of vagus nerve (>1840)
SCdg	superior colliculus deep gray layer (>1840)
SCdw	superior colliculus deep white layer (>1840)
SCG	spinal central gray (>1840)
SCH	suprachiasmatic nucleus (Spiegel & Zwieg, 1919)
sci	sciatic nerve (Keill, 1698)
SCig.a	superior colliculus sublayer a of intermediate gray layer (>1840)
SCig.b	superior colliculus sublayer b of intermediate gray layer (>1840)
SCig.c	superior colliculus sublayer c of intermediate gray layer (>1840)
scin	short ciliary nerves (>1840)
SCiw	superior colliculus intermediate white layer (>1840)
scl	subclavian nerve (Schwalbe, 1881)
SCO	subcommissural organ (>1840)
scon	subcostal nerve (>1840)
SCop	superior colliculus optic layer (>1840)
scp	superior cerebellar peduncle (Procháska, 1800)
scpd	superior cerebellar peduncle decussation (>1840)
scpi	interbrain superior cerebellar peduncle (Swanson, 2018)
scpl	subclavian plexus (>1840)
scpp	pontine superior cerebellar peduncle (Swanson, 2015)
scpt	tegmental superior cerebellar peduncle (Swanson, 2015)
scrt	spinocervical tract (>1840)
SCsg	superior colliculus superficial gray layer (>1840)
SCzo	superior colliculus zonal layer (>1840)
sd	sellar diaphragm (>1840)
sec	secondary fissure (Bolk, 1906)
sef	septal fissure (Burdach, 1822)
SEZ	subependymal zone (>1840)
SF	septofimbrial nucleus (>1840)
sfn	superficial fibular nerve (Fyfe, 1800)
sfndd	dorsal digital nerves of superficial fibular nerve (>1840)
sfnm	muscular branches of superficial fibular nerve (>1840)
SFO	subfornical organ (Pines, 1927)
SG	supragenual nucleus (Meessen & Olszewski, 1949)
SGN	suprageniculate nucleus (>1840)
SH	septohippocampal nucleus (>1840)
she	hemispheric sulcus (Grönberg, 1902)
shpl	superior hypogastric plexus (Tiedemann, 1822)
sht	spinohypothalamic tract (>1840)
shth	hypothalamic spinohypothalamic tract (Swanson, 2018)
shtm	medullary spinohypothalamic tract (Swanson, 2018)
shtp	pontine spinohypothalamic tract (Swanson, 2018)
shts	spinal segment of spinohypothalamic tract (Swanson, 2018)
shtt	tegmental spinohypothalamic tract (Swanson, 2018)
SI	innominate substance (Schwalbe, 1881)
sif	simple fissure (Swanson, 1992)
SIM	cerebellar hemisphere simple lobule (Jansen & Brodal, 1954)
sIX	stylopharyngeal branch of glossopharyngeal nerve (>1840)
sl	limiting sulcus (>1840)
SLC	subceruleus nucleus (Meessen & Olszewski, 1949)
slcn	superior lateral cutaneous nerve of arm (>1840)
SLD	sublaterodorsal nucleus (>1840)
sli	sublingual nerve (Henle, 1871)
sln	superior laryngeal nerve (Loder, 1778)
slne	external branch of superior laryngeal nerve (Fyfe, 1800)
slni	internal branch of superior laryngeal nerve (Fyfe, 1800)
sm	medullary stria (Wenzel & Wenzel, 1812)
smd	supramammillary decussation (>1840)
sme	epithalamic medullary stria (Swanson, 2015)
smh	hypothalamic medullary stria (Swanson, 2018)
smi	middle diencephalic (interbrain) sulcus (>1840)
smpl	superior mesenteric plexus (Rau, 1720)
smpp	pancreatic branches of superior mesenteric plexus (>1840)
SMT	submedial thalamic nucleus (>1840)
SN	substantia nigra (Soemmerring, 1791)
SNc	substantia nigra compact part (Sano, 1910)
SNr	substantia nigra reticular part (Sano, 1910)
SO	supraoptic nucleus (Lenhossék, 1887)
SOC	superior olivary complex (>1840)
SOCl	superior olivary complex lateral part (>1840)
SOCm	superior olivary complex medial part (>1840)
socn	suboccipital nerve (Winslow, 1733)
son	supraorbital nerve (Meckel, 1753, p. 42)
sonl	lateral branch of supraorbital nerve (>1840)
sonm	medial branch of supraorbital nerve (>1840)
SOp	supraoptic nucleus principal part (Swanson, 2018)
sopt	optic sulcus (>1840)
SOr	supraoptic nucleus retrochiasmatic part (>1840)
sot	spino-olivary tract (>1840)
sotm	medullary spino-olivary tract (Swanson, 2018)
sots	spinal segment of spino-olivary tract (Swanson, 2018)
sov	superior ovarian nerves (>1840)
SP	spinal cord (Galen, c162-c166)
spb	spinal nerve primary branches (>1840)
spbd	spinal nerve dorsal branch (Meckel, 1817)
spbv	spinal nerve ventral branch (>1840)
SP-C	cervical part of spinal cord (1849)
SP-Co	coccygeal part of spinal cord (>1840)
SPd	spinal cord differentiations (Swanson, 2015)
spdl	lateral branch of spinal nerve dorsal branch (>1840)
spdm	medial branch of spinal nerve dorsal branch (>1840)
SPF	subparafascicular nucleus (>1840)
SPFm	subparafascicular nucleus magnocellular part (>1840)
SPFp	subparafascicular nucleus parvicellular part (>1840)
SPFpl	subparafascicular nucleus parvicellular part lateral division (>1840)
SPFpm	subparafascicular nucleus parvicellular part medial division (>1840)
spin	spinal nerves (Camper, 1760-1762)
spinc	communicating branches of spinal nerves (Wutzer, 1817)
sping	spinal nerve groups (Durward, 1951)
spinp	spinal nerve parts (>1840)
SPIV	spinal vestibular nucleus (>1840)
SP-L	lumbar part of spinal cord (>1840)
spp	splenic plexus (Palfijn, 1726)
SPpt	spinal cord parts (Swanson, 2015)
SPR	septal ridge (>1840)
SP-S	sacral part of spinal cord (>1840)
spt	spinal nerve trunk (Frotscher, 1788)
SP-T	thoracic part of spinal cord (>1840)
sptV	spinal tract of trigeminal nerve (>1840)
sptVm	medullary segment of spinal tract of trigeminal nerve (Swanson, 2015)
sptVp	pontine segment of spinal tract of trigeminal nerve (Swanson, 2015)
sptVs	spinal segment of spinal tract of trigeminal nerve (Swanson, 2015)
SPV	spinal nucleus of trigeminal nerve (>1840)
SPVC	spinal nucleus of trigeminal nerve caudal part (>1840)
SPVI	spinal nucleus of trigeminal nerve interpolar part (>1840)
SPVO	spinal nucleus of trigeminal nerve oral part (>1840)
SPVOcdm	spinal nucleus of trigeminal nerve oral part caudal dorsomedial part (>1840)
SPVOmdm	spinal nucleus of trigeminal nerve oral part middle dorsomedial part (>1840)
SPVOmdmd	spinal nucleus of trigeminal nerve oral part middle dorsomedial part dorsal zone (>1840)
SPVOmdmv	spinal nucleus of trigeminal nerve oral part middle dorsomedial part ventral zone (>1840)
SPVOrdm	spinal nucleus of trigeminal nerve oral part rostral dorsomedial part (>1840)
SPVOvl	spinal nucleus of trigeminal nerve oral part ventrolateral part (>1840)
spvt	spinovestibular tract (>1840)
spvtm	medullary spinovestibular tract (Swanson, 2018)
spvts	spinal segment of spinovestibular tract (Swanson, 2018)
sr	spinal nerve roots (Tiedemann, 1816)
srcg	sympathetic root of ciliary ganglion (>1840)
SRI	striatal ridge (>1840)
SRN	spinal reticular nucleus (>1840)
srot	sympathetic root of otic ganglion (>1840)
srpl	superior rectal plexus (>1840)
srt	spinoreticular tract (>1840)
srtm	medullary spinoreticular tract (Swanson, 2018)
srtp	pontine spinoreticular tract (Swanson, 2018)
srts	spinal segment of spinoreticular tract (Swanson, 2018)
SS	somatosensory areas (>1840)
ssc	suprascapular nerve (Bang, 1770)
ssg	sympathetic root of submandibular ganglion (>1840)
SSN	superior salivatory nucleus (>1840)
SSp	primary somatosensory area (>1840)
SSp-bfd1-6	primary somatosensory area barrel field layers 1-6 (>1840)
SSp-ll1-6	primary somatosensory area lower limb field layers 1-6 (>1840)
SSp-m1-6	primary somatosensory area mouth field layers 1-6 (>1840)
SSp-n1-6	primary somatosensory area nose field layers 1-6 (>1840)
SSp-tr1-6	primary somatosensory area trunk field layers 1-6 (>1840)
SSp-ul1-6	primary somatosensory area upper limb field layers 1-6 (>1840)
SSs	supplemental somatosensory area (>1840)
SSs1-6	supplemental somatosensory area layers 1-6 (>1840)
st	terminal stria (Wenzel & Wenzel, 1812)
stap	stapedial nerve (>1840)
stc	terminal stria commissure (Swanson, 2015)
ste	endbrain terminal stria (Swanson, 2015)
stelt	spinotelencephalic tract (Swanson, 2018)
steltc	cerebral cortical spinotelencephalic tract (Swanson, 2018)
steltcn	cerebral nuclei spinotelencephalic tract (Swanson, 2018)
stelth	hypothalamic spinotelencephalic tract (Swanson, 2018)
steltm	medullary spinotelencephalic tract (Swanson, 2018)
steltp	pontine spinotelencephalic tract (Swanson, 2018)
stelts	spinal segment of spinotelencephalic tract (Swanson, 2018)
steltt	tegmental spinotelencephalic tract (Swanson, 2018)
stet	spinotectal tract (>1840)
stetm	medullary spinotectal tract (Swanson, 2018)
stetp	pontine spinotectal tract (Swanson, 2018)
stets	spinal segment of spinotectal tract (Swanson, 2018)
stett	tectal spinotectal tract (Swanson, 2018)
stettg	tegmental spinotectal tract (Swanson, 2018)
stf	subthalamic fascicle (>1840)
stfc	cerebral nuclei segment of subthalamic fascicle (Swanson, 2018)
stfh	hypothalamic subthalamic fascicle (Swanson, 2018)
stg	striatotegmental fascicle (>1840)
stgc	cerebral nuclei segment of striatotegmental fascicle (Swanson, 2018)
stgh	hypothalamic striatotegmental fascicle (Swanson, 2018)
stgt	tegmental striatotegmental fascicle (Swanson, 2018)
sth	hypothalamic terminal stria (Swanson, 2018)
sthn	stylohyoid nerve (Meckel, 1753)
STN	subthalamic nucleus (>1840)
stps	striatopallidal sulcus (>1840)
STR	striatum (Swanson, 2000a)
strn	supratrochlear nerve (Schaarschmidt, 1750)
sts	superior temporal sulcus (>1840)
stt	spinothalamic tract (>1840)
sttl	lateral spinothalamic tract (>1840)
sttm	medullary spinothalamic tract (Swanson, 2015)
sttp	pontine spinothalamic tract (Swanson, 2015)
sttt	thalamic spinothalamic tract (Swanson, 2015)
stttg	tegmental spinothalamic tract (Swanson, 2015)
sttv	ventral spinothalamic tract (>1840)
SUB	subiculum (>1840)
SUBd	subiculum dorsal part (Swanson & Cowan, 1975)
SUBd-m	subiculum dorsal part molecular layer (>1840)
SUBd-sp	subiculum dorsal part pyramidal layer (>1840)
SUBd-sr	subiculum dorsal part stratum radiatum (>1840)
SUBv	subiculum ventral part (Swanson & Cowan, 1975)
SUBv-m	subiculum ventral part molecular layer (>1840)
SUBv-sp	subiculum ventral part pyramidal layer (>1840)
SUBv-sr	subiculum ventral part stratum radiatum (>1840)
sug	superior gluteal nerve (Martin, 1781)
SUM	supramammillary nucleus (>1840)
SUMl	supramammillary nucleus lateral part (Swanson, 1982)
SUMm	supramammillary nucleus medial part (Swanson, 1982)
sup	supraoptic decussations (>1840)
suph	hypothalamic supraoptic decussations (Swanson, 2018)
supt	thalamic supraoptic decussations (Swanson, 2018)
sur	sural nerve (Pietro da Cortona, 1741)
surlc	lateral calcaneal branches of sural nerve (>1840)
surn	superior ureteric nerves (Walter, 1783)
SUT	supratrigeminal nucleus (>1840)
SUV	superior vestibular nucleus (>1840)
sV	trigeminal nerve sensory root (>1840)
sVc	trigeminal nerve central sensory root (>1840)
svn	seminal vesicle nerves (Bock, 1827)
sXI	spinal root of accessory nerve (>1840)
sXIc	spinal root of accessory nerve central rootlets (Swanson, 2018)
sXIr	spinal root of accessory nerve rootlets (>1840)
sXIt	spinal root of accessory nerve trunk (>1840)
SYN	synencephalon (>1840)
syt	sympathetic trunk (Winslow, 1733)
sytc	communicating branches of sympathetic trunk (>1840)
ta	tapetum (Reil, 1809b)
tann	terminal autonomic nerves (Swanson & Bota, 2010)
tap	thoracic aortic plexus (>1840)
tb	trapezoid body (Treviranus, 1820)
tbm	medullary trapezoid body (Swanson, 2018)
tbp	pontine trapezoid body (Swanson, 2018)
TC	tectum (Baer, 1837)
tca	thoracic cardiac nerves (>1840)
tcbf	transverse cerebellar fissure (Burdach, 1822)
tcf	transverse cerebral fissure (>1840)
tcfi	inner part of transverse cerebral fissure (>1840)
tcfo	outer part of transverse cerebral fissure (>1840)
tct	trigeminocerebellar tract (>1840)
tctm	medullary trigeminocerebellar tract (Swanson, 2018)
tctp	pontine trigeminocerebellar tract (Swanson, 2018)
tcX	thoracic cardiac branches of vagus nerve (>1840)
tdn	thoracodorsal nerve (>1840)
TE	temporal region (>1840)
TEa	temporal association areas (Swanson, 1992)
TEa1-6	temporal association areas layers 1-6 (>1840)
TEM	thalamic eminence (>1840)
TEP	temporal pole (Broca, 1878a)
TF	terminal filament (Tiedemann, 1821)
TG	tegmentum (Swanson, 2000b)
tgn	tonsillar branches of glossopharyngeal nerve (>1840)
tgs	trigeminal sulcus (Swanson, 2018)
TH	thalamus (His, 1893a)
THd	dorsal part of thalamus (Herrick, 1910)
THdc	dorsal part of thalamus caudodorsal part (embryonic) (>1840)
THdr	dorsal part of thalamus rostroventral part (embryonic) (>1840)
THe	epithalamus (His, 1893b)
thn1-13	thoracic nerves (Diemerbroeck, 1672)
thpl	thyroid plexus (Portal, 1803)
THv	ventral part of thalamus (Herrick, 1910)
thyb	thyroid branches of superior cervical ganglion (>1840)
tib	tibial nerve (Haase, 1781)
tibm	muscular branches of tibial nerve (>1840)
tis	tuberoinfundibular sulcus (>1840)
TM	tuberomammillary nucleus (>1840)
TMd	tuberomammillary nucleus dorsal part (Köhler et al., 1985)
tmp	tympanic nerve (Arnold, 1834)
tmpl	tympanic plexus (Müller, 1834)
TMv	tuberomammillary nucleus ventral part (Köhler et al., 1985)
tn	terminal nerve (>1840)
tnn	transverse nerve of neck (>1840)
tnt	tentorial nerve (Arnold, 1838a)
toh	torus hemisphericus (?>1840)
tpf	transverse pontine fibers (>1840)
tpl	terminal plexuses (Swanson & Bota, 2010)
tpt	transverse peduncular tract (Gudden, 1870)
tpu	thoracic pulmonary nerves (>1840)
TR	postpiriform transition area (Canteras et al., 1992)
TR1-3	postpiriform transition area layers 1-3 (Canteras et al., 1992)
tra	thalamic radiations (Reil, 1809b)
trac	cerebral nuclei segment of thalamic radiations (Swanson, 2018)
trat	thalamic segment of thalamic radiations (Swanson, 2018)
TRN	tegmental reticular nucleus (>1840)
TRS	triangular septal nucleus (>1840)
trt	trigeminal tubercle (>1840)
ts	solitary tract (>1840)
tsp	testicular plexus (Cruveilhier, 1836)
tst	tectospinal tract (>1840)
tstm	medullary tectospinal tract (Swanson, 2015)
tstp	pontine tectospinal tract (Swanson, 2015)
tsts	spinal tectospinal tract (Swanson, 2015)
tstt	tegmental tectospinal tract (Swanson, 2015)
tsttl	longitudinal tegmental tectospinal tract (Swanson, 2018)
tsttt	transverse tegmental tectospinal tract (Swanson, 2018)
TT	tenia tecta (Swanson, 1992)
TTd	tenia tecta dorsal part (Swanson, 1992)
TTd1-4	tenia tecta dorsal part layers 1-4 (Swanson, 1992)
ttp	tectothalamic tract (>1840)
tts	transverse tectal sulcus (>1840)
TTv	tenia tecta ventral part (Swanson, 1992)
TTv1-3	tenia tecta ventral part layers 1-3 (Swanson, 1992)
TU	lateral hypothalamic area middle group lateral tier tuberal nucleus (>1840)
TUi	lateral hypothalamic area middle group lateral tier tuberal nucleus intermediate part (Swanson, 2004)
TUl	lateral hypothalamic area middle group lateral tier tuberal nucleus lateral part (Swanson, 2004)
tun	tubo-uterine nerve (>1840)
tupl	tubo-uterine plexus (>1840)
TUsv	lateral hypothalamic area middle group lateral tier tuberal nucleus subventromedial part (Swanson, 2004)
TUte	lateral hypothalamic area middle group lateral tier tuberal nucleus terete part (Petrovich et al., 2001)
tXII	thyrohyoid branch of hypoglossal nerve (Meckel, 1817)
ua	utriculoampullary nerve (>1840)
ueX	upper esophageal branches of vagus nerve (Cloquet, 1828)
uf1	uvular fissure 1 (>1840)
uih	urethral branches of inferior hypogastric plexus (>1840)
uln	ulnar nerve (Cheselden, 1726)
ulnm	muscular branches of ulnar nerve (Quain & Wilson, 1839)
un	utricular nerve (>1840)
uncpd	common palmar digital nerve of ulnar nerve (>1840)
und	dorsal branch of ulnar nerve (Günther, 1786)
undc	cutaneous branch of dorsal branch of ulnar nerve (>1840)
undd	dorsal digital nerves of ulnar nerve (>1840)
unde	deep branch of ulnar nerve (Fyfe, 1800)
unppd	proper palmar digital nerves of ulnar nerve (>1840)
uns	superficial branch of ulnar nerve (Fyfe, 1800)
unsc	cutaneous branch of superficial branch of ulnar nerve (>1840)
upcnf	ulnar posterior cutaneous nerve of forearm (>1840)
urp	ureteric plexus (>1840)
usc	upper subscapular nerve (>1840)
ut	uncinate tract (>1840)
utm	medullary uncinate tract (Swanson, 2018)
utp	pontine uncinate tract (Swanson, 2018)
utt	thalamic uncinate tract (Swanson, 2018)
uttg	tegmental uncinate tract (Swanson, 2018)
uvpl	uterovaginal plexus (>1840)
UVU	cerebellar vermis uvula (Malacarne, 1776)
V	motor nucleus of trigeminal nerve (>1840)
V3	third ventricle (Galen, c173)
V3h	hypothalamic part of third ventricle principal part (Swanson, 2018)
V3hg	hypothalamic part of third ventricle general (Swanson, 2004)
V3i	third ventricle infundibular recess (>1840)
V3m	third ventricle mammillary recess (>1840)
V3p	third ventricle preoptic recess (>1840)
V3pi	third ventricle pineal recess (>1840)
V3r	roof of third ventricle (>1840)
V3sp	third ventricle suprapineal recess (>1840)
V3t	thalamic part of third ventricle principal part (Swanson, 2018)
V3tg	thalamic part of third ventricle general (Swanson, 2004)
V4	fourth ventricle principal part (Swanson, 2018)
V4g	fourth ventricle general (Galen, c192)
V4f	floor of fourth ventricle (Reil, 1807-1808a)
V4fa	fastigium of fourth ventricle (Burdach, 1822)
V4o	opening of fourth ventricle (>1840)
V4r	lateral recess of fourth ventricle (>1840)
V4rf	roof of fourth ventricle (Vesalius, 1543a)
va	vestibular area of fourth ventricle (>1840)
vag	vaginal nerves (Walter, 1783)
VAL	ventral anterior-lateral thalamic complex (>1840)
vc	ventral white commissure (>1840)
VCO	ventral cochlear nucleus (>1840)
VCOa	ventral cochlear nucleus anterior part (>1840)
VCOp	ventral cochlear nucleus posterior part (>1840)
vcVIIIn	caudal part of vestibular nerve (>1840)
VENT	ventral thalamic nuclei (>1840)
vepl	vertebral plexus (Cloquet, 1816)
VERM	cerebellar vermis (Meckel, 1817)
vern	vertebral nerve (Cruveilhier, 1836)
VH	spinal cord ventral horn (>1840)
vhc	ventral hippocampal commissure (Craigie, 1925)
VHp	spinal cord ventral horn proper (Swanson, 2018)
VI	abducens nucleus (>1840)
VIc	abducens nerve central root (>1840)
VIcr	abducens nerve central rootlets (>1840)
VII	facial nucleus (>1840)
VIIc	facial nerve central root (>1840)
VIIIn	vestibulocochlear nerve (>1840)
VIIIt	vestibulocochlear nerve trunk (>1840)
VIIn	intermediofacial nerve (Strong & Elwyn, 1943)
VIInr	intermediofacial nerve roots (>1840)
VIIr	facial nerve root (>1840)
VIIt	intermediofacial nerve trunk (>1840)
VIn	abducens nerve (Heister, 1717)
VIr	abducens nerve root (>1840)
VIrl	abducens nerve rootlets (>1840)
VIS	visual areas (>1840)
VISal	anterolateral visual area (Olavarria & Torrealba, 1978)
VISal1-6	anterolateral visual area layers 1-6 (>1840)
VISam	anteromedial visual area (Espinoza & Thomas, 1983)
VISam1-6	anteromedial visual area layers 1-6 (>1840)
VISC	visceral area (>1840)
VISC1-6	visceral area layers 1-6 (>1840)
VISli	intermediolateral visual area (Olavarria & Montero, 1984)
VISli1-6	intermediolateral visual area layers 1-6 (>1840)
VISll	laterolateral visual area (Espinoza & Thomas, 1983)
VISll1-6	laterolateral visual area layers 1-6 (>1840)
VISlla	anterior laterolateral visual area (Thomas & Espinoza, 1987)
VISlla1-6	anterior laterolateral visual area layers 1-6 (>1840)
VISlm	mediolateral visual area (Olavarria & Torrealba, 1978)
VISlm1-6	mediolateral visual area layers 1-6 (>1840)
VISp	primary visual area (>1840)
VISp1-6	primary visual area layers 1-6 (>1840)
VISpl	posterolateral visual area (Thomas & Espinoza, 1987)
VISpl1-6	posterolateral visual area layers 1-6 (>1840)
VISpm	posteromedial visual area (Espinoza & Thomas, 1983)
VISpm1-6	posteromedial visual area layers 1-6 (>1840)
VISrl	rostrolateral visual area (Thomas & Espinoza, 1987)
VISrl1-6	rostrolateral visual area layers 1-6 (>1840)
VIt	abducens nerve trunk (>1840)
VL	lateral ventricle (Vesalius, 1543a)
VLa	anterior horn of lateral ventricle (Bell, 1803b)
VLb	body of lateral ventricle (Bell, 1803b)
vlf	ventrolateral fascicle (>1840)
vlfm	medullary ventrolateral fascicle (Swanson, 2015)
vlfp	pontine ventrolateral fascicle (Swanson, 2015)
vlft	tegmental ventrolateral fascicle (Swanson, 2015)
VLi	inferior horn of lateral ventricle (Bell, 1802)
VLo	olfactory ventricle (>1840)
VLP	ventrolateral preoptic nucleus (Sherin et al., 1998)
vlsm	ventrolateral sulcus of medulla (>1840)
vlss	ventrolateral sulcus of spinal cord (>1840)
vlt	ventrolateral hypothalamic tract (Swanson, 2004)
VM	ventral medial thalamic nucleus (>1840)
Vma	motor nucleus of trigeminal nerve magnocellular part (>1840)
vmfm	ventral median fissure of medulla (>1840)
vmfs	ventral median fissure of spinal cord (>1840)
VMH	ventromedial hypothalamic nucleus (>1840)
VMHa	ventromedial hypothalamic nucleus anterior part (>1840)
VMHc	ventromedial hypothalamic nucleus central part (>1840)
VMHdm	ventromedial hypothalamic nucleus dorsomedial part (>1840)
VMHvl	ventromedial hypothalamic nucleus ventrolateral part (>1840)
Vn	trigeminal nerve (Winslow, 1733)
VNE	vomeronasal epithelium (>1840)
von	vomeronasal nerve (>1840)
VP	ventral posterior thalamic nucleus (>1840)
Vpc	motor nucleus of trigeminal nerve parvicellular part (>1840)
VPL	ventral posterolateral thalamic nucleus (>1840)
VPLpc	ventral posterolateral thalamic nucleus parvicellular part (>1840)
VPLpr	ventral posterolateral thalamic nucleus principal part (Swanson, 2004)
VPM	ventral posteromedial thalamic nucleus (>1840)
VPMpc	ventral posteromedial thalamic nucleus parvicellular part (>1840)
VPMpr	ventral posteromedial thalamic nucleus principal part (Swanson, 2004)
vrt	ventral root (>1840)
vrtc	ventral rootlets central part (>1840)
vrtl	ventral rootlets (>1840)
vrVIIIn	rostral part of vestibular nerve (>1840)
VS	ventricles (Hippocrates)
vsct	ventral spinocerebellar tract (>1840)
vsctm	medullary ventral spinocerebellar tract (Swanson, 2015)
vsctp	pontine ventral spinocerebellar tract (Swanson, 2015)
vscts	spinal ventral spinocerebellar tract (Swanson, 2015)
VSS	ventricular-subarachnoid space (Swanson & Bota, 2010)
vt	vagal triangle (>1840)
VTA	ventral tegmental area (Tsai, 1925)
vtd	ventral tegmental decussation (>1840)
VTN	ventral tegmental nucleus (>1840)
vtra	anterior vagal trunk (Wrisberg, 1780)
vtrac	celiac branch of anterior vagal trunk (>1840)
vtrag	gastric branches of anterior vagal trunk (>1840)
vtrah	hepatic branch of anterior vagal trunk (>1840)
vtrp	posterior vagal trunk (Wrisberg, 1780)
vtrpc	celiac branches of posterior vagal trunk (>1840)
vtrpg	gastric branches of posterior vagal trunk (>1840)
vtrph	hepatic branches of posterior vagal trunk (>1840)
vVIIIc	vestibular nerve central root (>1840)
vVIIIn	vestibular nerve (Cotugno, 1760)
wc	white communicating branch (>1840)
wm	white matter (Meckel, 1817)
x	nucleus x (>1840)
Xc	vagus nerve central root (>1840)
Xcr	vagus nerve central rootlets (>1840)
XI	nucleus of spinal accessory nerve (>1840)
XIem	muscular branches of external branch of accessory nerve trunk (>1840)
XII	hypoglossal nucleus (>1840)
XIIc	hypoglossal nerve central root (>1840)
XIIcr	hypoglossal nerve central rootlets (>1840)
XIIn	hypoglossal nerve (Winslow, 1733)
XIIr	hypoglossal nerve root (>1840)
XIIrl	hypoglossal nerve rootlets (>1840)
XIIt	hypoglossal nerve trunk (Günther, 1786)
XIn	accessory nerve (Vieussens, 1684)
XIt	accessory nerve trunk (Wrisberg, 1786)
XIte	external branch of accessory nerve trunk (Meckel, 1817)
XIti	internal branch of accessory nerve trunk (Meckel, 1817)
Xn	vagus nerve (Galen, c192)
Xr	vagus nerve root (>1840)
Xrl	vagus nerve rootlets (>1840)
Xt	vagus nerve trunk (Wrisberg, 1786; Günther, 1786)
y	nucleus y (>1840)
z	nucleus z (>1840)
zf	zygomaticofacial nerve (>1840)
ZI	zona incerta (>1840)
ZIda	zona incerta dopaminergic group (>1840)
ZIg	zona incerta general (Forel, 1877)
zn	zygomatic nerve (>1840)
zt	zygomaticotemporal nerve (>1840)
1	area 1 (Brodmann, 1909)
2	area 2 (Brodmann, 1909)
3	area 3 (Brodmann, 1909)
4	area 4 (Brodmann, 1909)
5	area 5 (Brodmann, 1909)
6	area 6 (Brodmann, 1909)
6b	isocortical layer 6b (>1840)
7	area 7 (Brodmann, 1909)
8	area 8 (Brodmann, 1909)
9	area 9 (Brodmann, 1909)
10	area 10 (Brodmann, 1909)
11	area 11 (Brodmann, 1909) [orbital region (Rolando, 1831)]
13-16	areas 13-16 (Brodmann, 1909) [insular region (Brodmann, 1909)]
17	area 17 (Brodmann, 1909) [primary visual area (>1840)]
18	area 18 (Brodmann, 1909)
19	area 19 (Brodmann, 1909)
20	area 20 (Brodmann, 1909)
21	area 21 (Brodmann, 1909)
22	area 22 (Brodmann, 1909)
23	area 23 (Brodmann, 1909)
24	area 24 (Brodmann, 1909)
25	area 25 (Brodmann, 1909)
26	area 26 (Brodmann, 1909)
27	area 27 (Brodmann, 1909) [presubiculum (Swanson & Cowan, 1977)]
28	area 28 (Brodmann, 1909) [entorhinal area (Brodmann, 1909)]
29	area 29 (Brodmann, 1909)
30	area 30 (Brodmann, 1909)
31	area 31 (Brodmann, 1909)
32	area 32 (Brodmann, 1909)
33	area 33 (Brodmann, 1909)
34	area 34 (Brodmann, 1909)
35	area 35 (Brodmann, 1909)
36	area 36 (Brodmann, 1909)
37	area 37 (Brodmann, 1909)
38	area 38 (Brodmann, 1909)
39	area 39 (Brodmann, 1909)
40	area 40 (Brodmann, 1909)
41	area 41 (Brodmann, 1909)
42	area 42 (Brodmann, 1909)
43	area 43 (Brodmann, 1909)
44	area 44 (Brodmann, 1909)
45	area 45 (Brodmann, 1909)
46	area 46 (Brodmann, 1909)
47	area 47 (Brodmann, 1909)
48	area 48 (Brodmann, 1909) [postsubiculum (Swanson & Cowan, 1977)]
49	area 49 (Brodmann, 1909) [parasubiculum (>1840)]
51	area 51 (Brodmann, 1909) [piriform area (Smith, 1919)]
52	area 52 (Brodmann, 1909)

