CENTRAL NERVOUS SYSTEM [RAT] (CARUS, 1814)  (CNS)
	Endbrain (Kuhlenbeck, 1927)  (EB) or Cerebrum (Obersteiner & Hill, 1900) (CH)
		Cerebral nuclei (Swanson, 2000a)  (CNU)
			Pallidum (Swanson, 2000a)  (PAL)
				Globus pallidus (Burdach, 1822)  (GP)
					Medial globus pallidus (>1840)  (GPm)
					Lateral globus pallidus (>1840)  (GPl)
				Innominate substance (Schwalbe, 1881)  (SI)
				Magnocellular nucleus (Swanson, 2004)  (MA)
				Medial septal complex (Swanson et al., 1987)  (MSC)
					Medial septal nucleus (>1840)  (MS)
					Diagonal band nucleus (>1840)  (NDB)
				Triangular septal nucleus (>1840)  (TRS)
					bed nucleus of medullary stria (Risold & Swanson, 1995a)  (BSM)
				Bed nuclei of terminal stria (Gurdjian, 1925)  (BST)
					Anterior division (Ju & Swanson, 1989)  (BSTa)
						Anteromedial area (Dong & Swanson, 2006c)  (BSTam)
						Fusiform nucleus (Ju & Swanson, 1989)  (BSTfu)
						Ventral nucleus (Ju & Swanson, 1989)  (BSTv)
						Magnocellular nucleus (Ju & Swanson, 1989)  (BSTmg)
						Dorsomedial nucleus (Ju & Swanson, 1989)  (BSTdm)
						Anterolateral area (Swanson, 2004)  (BSTal)
						Oval nucleus (Ju & Swanson, 1989)  (BSTov)
						Juxtacapsular nucleus (McDonald, 1983)  (BSTju)
						Rhomboid nucleus (Ju & Swanson, 1989)  (BSTrh)
					Posterior division (Ju & Swanson, 1989)  (BSTp)
						Principal nucleus (Ju & Swanson, 1989)  (BSTpr)
							cell-sparse zone (Ju & Swanson, 1989)  (BSTsz)
						Interfascicular nucleus (Ju & Swanson, 1989)  (BSTif)
							premedullary nucleus (Ju & Swanson, 1989)   (BSTpm)
						Transverse nucleus (Ju & Swanson, 1989)   (BSTtr)
						Dorsal nucleus (Ju & Swanson, 1989)  (BSTd)
						Strial extension (Ju & Swanson, 1989)  (BSTse)
				Bed nucleus of anterior commissure (Gurdjian, 1925)  (BAC)
			Striatum (Swanson, 2000a)  (STR)
				Olfactory tubercle (Calleja, 1893)  (OT)
					molecular layer (>1840) (OT1)
					pyramidal layer (>1840) (OT2)
					polymorph layer (>1840) (OT3)
					islands of Calleja (>1840)  (isl)
					major island of Calleja (>1840)  (islm)
				Accumbens nucleus (Ziehen, 1897-1901)  (ACB)
				Lateral septal complex (Risold & Swanson, 1997a)  (LSX)
					Lateral septal nucleus (Cajal, 1909-1911)  (LS)
						Rostral (rostroventral) part (Risold & Swanson, 1997a)  (LSr)
							Medial zone (Risold & Swanson, 1997a)  (LSr.m)
								Ventral region (Risold & Swanson, 1997a)  (LSr.m.v)
									rostral domain (Risold & Swanson, 1997a)  (LSr.m.v.r)
									caudal domain (Risold & Swanson, 1997a)  (LSr.m.v.c)
								Dorsal region (Risold & Swanson, 1997a)  (LSr.m.d)
							Ventrolateral zone (Risold & Swanson, 1997a)  (LSr.vl)
								ventral region (Risold & Swanson, 1997a)  (LSr.vl.v)
								dorsal region (Risold & Swanson, 1997a)  (LSr.vl.d)
									medial domain (Risold & Swanson, 1997a)  (LSr.vl.d.m)
									lateral domain (Risold & Swanson, 1997a)  (LSr.vl.d.l)
							Dorsolateral zone (Risold & Swanson, 1997a)  (LSr.dl)
								medial region (Risold & Swanson, 1997a)  (LSr.dl.m)
									ventral domain (Risold & Swanson, 1997a)  (LSr.dl.m.v)
									dorsal domain (Risold & Swanson, 1997a)  (LSr.dl.m.d)
								lateral region (Risold & Swanson, 1997a)  (LSr.dl.l)
									ventral domain (Risold & Swanson, 1997a)  (LSr.dl.l.v)
									dorsal domain (Risold & Swanson, 1997a)  (LSr.dl.l.d)
						Caudal (caudodorsal) part (Risold & Swanson, 1997a)  (LSc)
							Ventral zone (Risold & Swanson, 1997a)  (LSc.v)
								medial region (Risold & Swanson, 1997a)  (LSc.v.m)
									ventral domain (Risold & Swanson, 1997a)  (LSc.v.m.v)
									dorsal domain (Risold & Swanson, 1997a)  (LSc.v.m.d)
								intermediate region (Risold & Swanson, 1997a)  (LSc.v.i)
								lateral region (Risold & Swanson, 1997a)  (LSc.v.l)
									ventral domain (Risold & Swanson, 1997a)  (LSc.v.l.v)
									dorsal domain (Risold & Swanson, 1997a)  (LSc.v.l.d)
							Dorsal zone (Risold & Swanson, 1997a)  (LSc.d)
								rostral region (Risold & Swanson, 1997a)  (LSc.d.r)
								dorsal region (Risold & Swanson, 1997a)  (LSc.d.d)
								lateral region (Risold & Swanson, 1997a)  (LSc.d.l)
								ventral region (Risold & Swanson, 1997a)  (LSc.d.v)
						Ventral part (Risold & Swanson, 1997a)  (LSv)
					Septohippocampal nucleus (>1840)  (SH)
					Septofimbrial nucleus (>1840)  (SF)
				Striatal fundus (>1840)  (FS)
				Caudoputamen (Heimer & Wilson, 1975)  (CP)
				Anterior amygdalar area (Gurdjian, 1928)  (AAA)
				Central amygdalar nucleus (Johnston, 1923)  (CEA)
					Medial part (McDonald, 1982)  (CEAm)
					Lateral part (Swanson, 1992a)  (CEAl)
					Capsular part (McDonald, 1982)  (CEAc)
				Intercalated amygdalar nuclei (>1840)  (IA)
				Medial amygdalar nucleus (Johnston, 1923)  (MEA)
					Anteroventral part (>1840)  (MEAav)
					Anterodorsal part (>1840)  (MEAad)
					Posteroventral part (>1840)  (MEApv)
					Posterodorsal part (>1840)  (MEApd)
						sublayer a (>1840) (MEApd-a)
						sublayer b (>1840) (MEApd-b)
						sublayer c (>1840) (MEApd-c)
					Bed nucleus of accessory olfactory tract (Scalia & Winans, 1975)  (BA)
		Cerebral cortex (Swanson, 2000a)  (CTX)
			Cortical plate (>1840)  (CTXpl)
				Limbic region (>1840)  (LIMB)
					Olfactory region (>1840)  (OLF)
						Olfactory bulb (Weitbrecht, 1751)  (OB)
							Main olfactory bulb (>1840)  (MOB)
								glomerular layer (>1840) (MOBgl)
								outer plexiform layer (>1840) (MOBopl)
								mitral layer (>1840) (MOBmi)
								inner plexiform layer (>1840) (MOBipl)
								granule cell layer (>1840) (MOBgr)
							Accessory olfactory bulb (>1840)  (AOB)
								glomerular layer (>1840) (AOBgl)
								mitral layer (>1840) (AOBmi)
								granular layer (>1840) (AOBgr)
						Anterior olfactory area (Herrick, 1910)  (AOA)
							anterior olfactory area principal part (Swanson, 2018) (AOApr)
 								molecular layer (>1840) (AOApr1)
								pyramidal layer (>1840) (AOApr2)
							anterior olfactory area external part (>1840) (AOAe)
								molecular layer (>1840) (AOAe1)
								pyramidal layer (>1840) (AOAe2)
						Tenia tecta (Swanson, 1992a)  (TT)
							Ventral part (Swanson, 1992a)  (TTv)
								layers 1-3 (Swanson, 1992a)  (TTv1-3)
							Dorsal part (Swanson, 1992a)  (TTd)
								layers 1-4 (Swanson, 1992a)  (TTd1-4)
						Piriform area (Smith, 1919)  (PIR)
							molecular layer (>1840) (PIR1)
							pyramidal layer (>1840) (PIR2)
							polymorph layer (>1840) (PIR3)
						Cortical amygdalar complex (Swanson, 2015)  (COX)
							Cortical amygdalar area (>1840)   (COA)
								Anterior part (>1840)  (COAa)
									layers 1,2 (>1840)  (COAa1-3)
								Posterior part (>1840) (COAp)
									Medial zone (>1840)  (COApm)
										layers 1-3 (>1840) (COApm1-3)
									Lateral zone (>1840)  (COApl)
										layers 1-3 (>1840) (COApl1-3)
							Nucleus of lateral olfactory tract (Swanson & Petrovich, 1998)  (NLOT)
								molecular layer (>1840) (NLOT1)
								pyramidal layer (>1840) (NLOT2)
							Piriform-amygdalar area (Canteras et al., 1992a)  (PAA)
								layers 1-3 (Canteras et al., 1992a) (PAA1-3)
							Postpiriform transition area (Canteras et al., 1992a)   (TR)
								layers 1-3 (Canteras et al., 1992a) (TR1-3)
					Hippocampal formation (Swanson & Cowan, 1977)  (HPF)
						Hippocampal region (Swanson et al., 1987)  (HIP)
							Indusium griseum (Valentin, 1841)  (IG)
							Fasciola cinerea (Arnold, 1838b)  (FC)
							Dentate gyrus (>1840)  (DG)
								molecular layer (>1840) (DGmo)
								granule cell layer (>1840) (DGsg)
								polymorph layer (>1840) (DGpo)
							Ammon’s horn (Vicq d’Azyr, 1784)  (CA)
								Field CA3 (Lorente de Nó, 1934)  (CA3)
									stratum lacunosum-moleculare (>1840) (CA3slm)
									stratum radiatum (>1840) (CA3sr)
									stratum lucidum (>1840) (CA3slu)
									pyramidal layer (>1840) (CA3sp)
									stratum oriens (>1840) (CA3so)
								Field CA2 (Lorente de Nó, 1934)   (CA2)
									stratum lacunosum-moleculare (>1840) (CA2slm)
									stratum radiatum (>1840) (CA2sr)
									pyramidal layer (>1840) (CA2sp)
									stratum oriens (>1840) (CA2so)
								Field CA1 (Lorente de Nó, 1934)  (CA1)
									Ventral part (Risold & Swanson, 1996)  (CA1v)
										stratum lacunosum-moleculare (>1840) (CA1v-slm)
										stratum radiatum (>1840) (CA1v-sr)
										deep pyramidal layer (>1840) (CA1v-spd)
										superficial pyramidal layer (>1840) (CA1v-sps)
										stratum oriens (>1840) (CA1v-so)
									Dorsal part (Risold & Swanson, 1996)  CA1d)
										stratum lacunosum-moleculare (>1840) (CA1d-slm)
										stratum radiatum (>1840) (CA1d-sr)
										deep pyramidal layer (>1840) (CA1d-spd)
										superficial pyramidal layer (>1840) (CA1d-sps)
										stratum oriens (>1840) (CA1d-so)
						Retrohippocampal region (Swanson et al., 1987)  (RHP)
							Subiculum (>1840)  (SUB)
								Ventral part (Swanson & Cowan, 1975)  (SUBv)
									molecular layer (>1840) (SUBv-m)
									stratum radiatum (>1840) (SUBv-sr)
									pyramidal layer (>1840) (SUBv-sp)
								Dorsal part (Swanson & Cowan, 1975)  (SUBd)
									molecular layer (>1840) (SUBd-m)
									stratum radiatum (>1840) (SUBd-sr)
									pyramidal layer (>1840) (SUBd-sp)
							Presubiculum (Swanson & Cowan, 1977)  (PRE)
								layers 1-6 (>1840) (PRE1-6)
							Postsubiculum (Swanson & Cowan, 1977)   (POST)
								layers 1-6 (>1840) (POST1-6)
							Parasubiculum (>1840)  (PAR)
								layers 1-6 (>1840) (PAR1-6)
							Entorhinal area (Brodmann, 1909)   (ENT)
								Medial part (>1840)  (ENTm)
									layers 1-6 (>1840) (ENTm1-6)
				 				Lateral part (>1840)  (ENTl)
									layers 1-6 (>1840) (ENTl1-6)
					Cingulate region (Brodmann, 1909)  (CNG)
						Infralimbic area (Rose & Woolsey, 1948)  (ILA)
							layers 1-6 (>1840) (ILA1-6)
						Prelimbic area (Brodmann, 1909)  (PL)
							layers 1-6 (>1840) (PL1-6)
						Anterior cingulate area (Brodmann, 1909)  (ACA)
							Ventral part (Krettek & Price, 1977a)  (ACAv)
								layers 1-6 (>1840) (ACAv1-6)
							Dorsal part (Krettek & Price, 1977a)  (ACAd)
								layers 1-6 (>1840) (ACAd1-6)
						Retrosplenial area (Vogt & Peters, 1981)  (RSP)
							Ventral part (Swanson, 1992a)  (RSPve)
								Anterior zone (Swanson, 2018)  (RSPv)
									layers 1-6 (Swanson, 2018) (RSPv1-6)
								Zone a (Brodmann, 1909)  (RSPv.a)
									layers 1-6 (>1840) (RSPv.a1-6)
								Zone b/c (Swanson, 1992a)  (RSPv.b/c)
									layers 1-6 (>1840) (RSPv.b/c1-6)
							Dorsal part (Swanson, 1992a)  (RSPd)
								layers 1-6 (>1840) (RSPd1-6)
							Lateral agranular part (Risold & Swanson, 1995b)  (RSPagl)
								layers 1-6 (Risold & Swanson, 1995b) (RSPagl1-6)
				Insular region (Brodmann, 1909)  (INS)
					Agranular insular areas (Swanson, 2018)  (AI)
						Ventral agranular insular area (Krettek & Price, 1977a)  (AIv)
							layers 1-6 (>1840) (AIv1-6)
						Dorsal agranular insular area (Krettek & Price, 1977a)  (AId)
							layers 1-6 (>1840) (AId1-6)
						Posterior agranular insular area (Krettek & Price, 1977a)  (AIp)
							layers 1-6 (>1840) (AIp1-6)
					Gustatory area (>1840)  (GU)
						layers 1-6 (>1840) (GU1-6)
					Visceral area (>1840)  (VISC)
						layers 1-6 (>1840) (VISC1-6)
				Frontal region (Vicq d’Azyr, 1786)  (FRO)
					Orbital region (Rolando, 1831)  (ORB)
						Ventral orbital area (Krettek & Price, 1977a)  (ORBv)
							layers 1-6 (>1840) (ORBv1-6)
						Ventrolateral orbital area (Krettek & Price, 1977a)  (ORBvl)
							layers 1-6 (>1840) (ORBvl1-6)
						Medial orbital area (Krettek & Price, 1977a)  (ORBm)
							layers 1-6 (>1840) (ORBm1-6)
						Lateral orbital area (Krettek & Price, 1977a)  (ORBl)
							layers 1-6 (>1840) (ORBl1-6)
					Somatomotor areas (>1840) (MO)
						Primary somatomotor area (>1840)  (MOp)
							layers 1-6 (>1840) (MOp1-6)
						Secondary somatomotor areas (>1840)  (MOs)
							layers 1-6 (>1840) (MOs1-6)
				Parietal region (>1840)  (PTL)
					Somatosensory areas (>1840) (SS)
						Primary somatosensory area (>1840)  (SSp)
							barrel field layers 1-6 (>1840) (SSp-bfd1-6)
							lower limb field layers 1-6 (>1840) (SSp-ll1-6)
							mouth field layers 1-6 (>1840) (SSp-m1-6)
							nose field layers 1-6 (>1840) (SSp-n1-6)
							trunk field layers 1-6 (>1840) (SSp-tr1-6)
							upper limb field layers 1-6 (>1840) (SSp-ul1-6)
						Supplemental somatosensory area (>1840)   (SSs)
							layers 1-6 (>1840) (SSs1-6)
					Posterior parietal association areas (>1840)  (PTLp)
						layers 1-6 (>1840) (PTLp1-6)
				Temporal region (>1840)  (TE)
					Perirhinal area (Brodmann, 1909)   (PERI)
						layers 1-6 (>1840) (PERI1-6)
					Ectorhinal area (Brodmann, 1909)   (ECT)
						layers 1-6 (>1840) (ECT1-6)
					Temporal association areas (Swanson, 1992a)  (TEa)
						layers 1-6 (>1840) (TEa1-6)
					Auditory areas  (>1840) (AUD)
						Ventral auditory areas (Sally & Kelly, 1988)  (AUDv)
							layers 1-6 (>1840) (AUDv1-6)
						Primary auditory area (>1840)  (AUDp)
							layers 1-6 (>1840) (AUDp1-6)
						Dorsal auditory areas (Sally & Kelly, 1988)  (AUDd)
							layers 1-6 (>1840) (AUDd1-6)
						Posterior auditory area (Doron et al., 2002)  (AUDpo)
							layers 1-6 (>1840) (AUDpo1-6)
				Occipital region (Vesalius, 1543a)  (OCC)
					Visual areas (>1840)  (VIS)
						Rostrolateral visual area (Thomas & Espinoza, 1987)  (VISrl)
							layers 1-6 (>1840) (VISrl1-6)
						Anterolateral visual area (Olavarria & Torrealba, 1978)  (VISal)
							layers 1-6 (>1840) (VISal1-6)
						Anterior laterolateral visual area (Thomas & Espinoza, 1987)  (VISlla)
							layers 1-6 (>1840) (VISlla1-6)
						Laterolateral visual area (Espinoza & Thomas, 1983)  (VISll)
							layers 1-6 (>1840) (VISll1-6)
						Intermediolateral visual area (Olavarria & Montero, 1984)  (VISli)
							layers 1-6 (>1840) (VISli1-6)
						Mediolateral visual area (Olavarria & Torrealba, 1978)  (VISlm)
							layers 1-6 (>1840) (VISlm1-6)
						Posterolateral visual area (Thomas & Espinoza, 1987)  (VISpl)
							layers 1-6 (>1840) (VISpl1-6)
						Primary visual area (>1840)  (VISp)
							layers 1-6 (>1840) (VISp1-6)
						Anteromedial visual area (Espinoza & Thomas, 1983)  (VISam)
							layers 1-6 (>1840) (VISam1-6)
						Posteromedial visual area (Espinoza & Thomas, 1983)  (VISpm)
							layers 1-6 (>1840) (VISpm1-6)
			Cortical subplate (>1840)  (CTXsp)
				Basolateral amygdalar complex (Swanson, 2015)  (BLX)
					Nucleus of lateral olfactory tract dorsal cap (Gurdjian, 1928)  (NLOT3)
					Basomedial amygdalar nucleus (>1840)   (BMA)
						Anterior part (>1840)   (BMAa)
						Posterior part (>1840)  (BMAp)
					Basolateral amygdalar nucleus (>1840)  (BLA)
						Anterior part (>1840)  (BLAa)
						Posterior part (>1840)  (BLAp)
					Lateral amygdalar nucleus (>1840)  (LA)
					Posterior amygdalar nucleus (Canteras et al., 1992a)  (PA)
				Endopiriform nucleus (Krettek & Price, 1978)  (EP)
					Ventral part (Krettek & Price, 1978)  (EPv)
					Dorsal part (Krettek & Price, 1978)  (EPd)
				Claustrum (Burdach, 1822)  (CLA)
				Isocortical layer 6b (>1840)   (6b)
	Interbrain (Baer, 1837)  (IB)
		Hypothalamus (Kuhlenbeck, 1927)  (HY)
			Periventricular hypothalamic zone (Nauta & Haymaker, 1969)  (HYp)
				Terminal lamina (Burdach, 1822)  (lam)
					Vascular organ of lamina terminalis (>1840)  (OV)
					Median preoptic nucleus (Loo, 1931)  (MEPO)
					Subfornical organ (Pines, 1927)  (SFO)
				Anteroventral periventricular nucleus (Simerly et al., 1984)  (AVPV)
				Suprachiasmatic preoptic nucleus (Simerly et al., 1984)  (PSCH)
				Periventricular hypothalamic nucleus anterior part (Swanson, 2018)  (PVa)
				preoptic zone (Swanson, 2018)  (PVpo)
					anterior zone (Swanson, 2018)  (PVaa)
					intermediate zone (Swanson, 2018)  (PVi)
				Internuclear hypothalamic area (Swanson, 2018)  (I)
				Anteroventral preoptic nucleus (Simerly et al., 1984)  (AVP)
				Anterodorsal preoptic nucleus (Simerly et al., 1984)  (ADP)
				Medial preoptic area (Simerly et al., 1984)  (MPO)
				Parastrial nucleus (Simerly et al., 1984)  (PS)
				Posterodorsal preoptic nucleus (Simerly et al., 1984)  (PD)
				Ventrolateral preoptic nucleus (Sherin et al., 1998)  (VLP)
				Suprachiasmatic nucleus (Spiegel & Zwieg, 1919)  (SCH)
				Subparaventricular zone (Watts et al., 1987)  (SBPV)
				Paraventricular hypothalamic nucleus (>1840)  (PVH)
					Parvicellular division (>1840)  (PVHp)
						Periventricular part (>1840)  (PVHpv)
						Anterior parvicellular part (>1840)  (PVHap)
						Medial parvicellular part dorsal zone (Simmons & Swanson, 2008)  (PVHmpd)
							lateral wing (Simmons & Swanson, 2008)  (PVHmpdl)
					Magnocellular division (>1840)  (PVHm)
						Anterior magnocellular part (Swanson & Kuypers, 1980)  (PVHam)
						Posterior magnocellular part (>1840)  (PVHpm)
							medial zone (>1840)  (PVHpmm)
							lateral zone (>1840)  (PVHpml)
					Descending division (>1840)  (PVHd)
						medial parvicellular part ventral zone (>1840)  (PVHmpv)
						dorsal parvicellular part (>1840)  (PVHdp)
						lateral parvicellular part (>1840)  (PVHlp)
						forniceal part (>1840)  (PVHf)
				Anterior hypothalamic area (>1840)  (AHA)
				Supraoptic nucleus (Lenhossék, 1887)  (SO)
					principal part (Swanson, 2018)  (SOp)
					retrochiasmatic part (>1840)  (SOr)
				Arcuate hypothalamic nucleus (>1840)  (ARH)
				Dorsomedial hypothalamic nucleus (>1840)  (DMH)
					Anterior part (>1840)  (DMHa)
					Posterior part (>1840)  (DMHp)
					Ventral part (>1840)  (DMHv)
				Periventricular hypothalamic nucleus posterior part (>1840)  (PVp)
				Posterior hypothalamic nucleus (>1840)  (PH)
			Medial hypothalamic zone (Nauta & Haymaker, 1969)  (HYm)
				Medial preoptic nucleus (Gurdjian, 1927)  (MPN)
					Medial part (Simerly et al., 1984)  (MPNm)
					Central part (Simerly et al., 1984)  (MPNc)
					Lateral part (Simerly et al., 1984)  (MPNl)
				Anterior hypothalamic nucleus (>1840)  (AHN)
					Anterior part (>1840)  (AHNa)
					Central part (>1840)  (AHNc)
						nucleus circularis  (>1840) (NC)
					Posterior part (>1840)  (AHNp)
					Dorsal part (>1840)  (AHNd)
				Ventromedial hypothalamic nucleus (>1840)  (VMH)
					Anterior part (>1840)  (VMHa)
					Ventrolateral part (>1840)  (VMHvl)
					Central part (>1840)  (VMHc)
					Dorsomedial part (>1840)  (VMHdm)
				Ventral premammillary nucleus (>1840)  (PMv)
				Dorsal premammillary nucleus (>1840)  (PMd)
				Mammillary body (Ludwig, 1779)  (MBO)
					Tuberomammillary nucleus (>1840)  (TM)
						ventral part (Köhler et al., 1985)  (TMv)
						dorsal part (Köhler et al., 1985)  (TMd)
					Medial mammillary nucleus (Gudden, 1881a)  (MM)
						principal part (Swanson, 2018)  (MMpr)
						median part (>1840)  (MMme)
					Lateral mammillary nucleus (Gudden, 1881a)  (LM)
					Supramammillary nucleus (>1840)  (SUM)
						Medial part (Swanson, 1982)  (SUMm)
						Lateral part (Swanson, 1982)  (SUMl)
			Lateral hypothalamic zone (Nauta & Haymaker, 1969)  (HYl)
				Lateral preoptic area (>1840)  (LPO)
				Lateral hypothalamic area (Nissl, 1913)  (LHA)
					Anterior group (Swanson et al., 2005)  (LHAag)
						Retrochiasmatic area (>1840)  (RCH)
						Anterior region (Swanson, 2004)  (LHAa)
							ventral zone (Swanson, 2004)  (LHAav)
							intermediate zone (Swanson, 2004)  (LHAai)
							dorsal zone (Swanson, 2004)  (LHAad)
					Middle group (Swanson et al., 2005)  (LHAmg)
						Medial tier (Swanson et al., 2005)  (LHAm)
							Juxtaventromedial region (Swanson, 2004)  (LHAjv)
								Ventral zone (Swanson, 2004)  (LHAjvv)
								Dorsal zone (Swanson, 2004)  (LHAjvd)
							Juxtaparaventricular region (Swanson, 2004)  (LHAjp)
							Juxtadorsomedial region (Swanson, 2004)  (LHAjd)
						Perifornical tier (Swanson et al., 2005)  (LHApf)
							Subfornical region (Swanson, 2004)  (LHAsf)
								Anterior zone (Swanson, 2004)  (LHAsfa)
								Posterior zone (Swanson, 2004)  (LHAsfp)
									premammillary subzone (Swanson, 2004)  (LHAsfpm)
							Suprafornical region (Swanson, 2004)  (LHAs)
						Lateral tier (Swanson et al., 2005)  (LHAl)
							Tuberal nucleus (>1840)  (TU)
								subventromedial part (Swanson, 2004)  (TUsv)
								intermediate part (Swanson, 2004)  (TUi)
								terete part (Petrovich et al., 2001)  (TUte)
								lateral part (Swanson, 2004)  (TUl)
							Ventral region (Swanson et al., 2005)  (LHAv)
								medial zone (Swanson, 2004)  (LHAvm)
								lateral zone (Swanson, 2004)  (LHAvl)
								parvicellular region (Swanson, 2004)  (LHApc)
								magnocellular nucleus (Paxinos & Watson, 1986)  (LHAma)
							Dorsal region (Swanson, 2004)  (LHAd)
					Posterior group (Swanson et al., 2005)  (LHApg)
						Posterior region (Swanson, 2004)  (LHAp)
 						Preparasubthalamic nucleus (Swanson, 2004)  (PST)
						Parasubthalamic nucleus (Wang & Zhang, 1995)  (PSTN)
						Subthalamic nucleus (>1840)  (STN)
			Retina (Herophilus, 335-263 BC)  (R)
				ganglion cell layer (>1840) (Rgcl)
				inner plexiform layer (>1840) (Ripl)
				inner nuclear layer (>1840) (Rinl)
				outer plexiform layer (>1840) (Ropl)
				outer nuclear layer (>1840) (Ronl)
		Thalamus (His, 1893a)  (TH)
			Ventral part of thalamus (Herrick, 1910)  (THv)
				Zona incerta general (Forel, 1877)  (ZIg)
					Zona incerta (>1840)  (ZI)
						dopaminergic group (>1840)  (ZIda)
					Fields of Forel (>1840)  (FF)
				Ventral lateral geniculate nucleus (>1840)  (LGv)
					medial zone (>1840) (LGvm)
					lateral zone (>1840) (LGvl)
				Intergeniculate leaflet (>1840)  (IGL)
				Reticular thalamic nucleus (>1840)  (RT)
			Dorsal part of thalamus (Herrick, 1910)  (THd)
				Midline thalamic nuclei (>1840)  (MTN)
					Nucleus reuniens (Malone, 1910)  (RE)
						Rostral division (Risold et al., 1997)  (REr)
							anterior part (Risold et al., 1997)  (REra)
							dorsal part (Risold et al., 1997)  (RErd)
							ventral part (Risold et al., 1997)  (RErv)
							lateral part (Risold et al., 1997)  (RErl)
							median part (Risold et al., 1997)  (RErm)
						Caudal division (Risold et al., 1997)  (REc)
							posterior part (Risold et al., 1997)  (REcp)
							dorsal part (Risold et al., 1997)  (REcd)
							median part (Risold et al., 1997)  (REcm)
					Paraventricular thalamic nucleus (>1840)  (PVT)
					Paratenial nucleus (>1840)  (PT)
				Anterior thalamic nuclei (>1840)  (ATN)
					Anteroventral thalamic nucleus (>1840)  (AV)
					Anterodorsal thalamic nucleus (>1840)  (AD)
					Anteromedial thalamic nucleus (>1840)  (AM)
						Ventral part (Canteras & Swanson, 1992a)  (AMv)
						Dorsal part (Canteras & Swanson, 1992a)  (AMd)
					Interanteromedial thalamic nucleus (>1840)  (IAM)
					Interanterodorsal thalamic nucleus (>1840)  (IAD)
					Lateral dorsal thalamic nucleus (>1840)  (LD)
				Medial thalamic nuclei (>1840)  (MED)
					Perireuniens nucleus (Brittain, 1988)  (PR)
					Submedial thalamic nucleus (>1840)  (SMT)
					Mediodorsal thalamic nucleus (>1840)  (MD)
						Medial part (>1840)  (MDm)
						Central part (>1840)  (MDc)
						Lateral part (>1840)  (MDl)
						Intermediodorsal thalamic nucleus (>1840)  (IMD)
				Intralaminar thalamic nuclei (>1840)  (ILM)
					Rhomboid nucleus (Cajal, 1903)  (RH)
					Central medial thalamic nucleus (Rioch, 1929)  (CM)
					Paracentral thalamic nucleus (Gurdjian, 1927)  (PCN)
					Central lateral thalamic nucleus (Rioch, 1929)  (CL)
					Parafascicular nucleus (Vogt, 1909)  (PF)
				Ventral thalamic nuclei (>1840)  (VENT)
					Ventral anterior-lateral thalamic complex (>1840)  (VAL)
					Ventral medial thalamic nucleus (>1840)  (VM)
					Ventral posterior thalamic nucleus (>1840)  (VP)
						Ventral posteromedial thalamic nucleus (>1840)  (VPM)
							Principal part (Swanson, 2004)  (VPMpr)
							Parvicellular part (>1840)  (VPMpc)
						Ventral posterolateral thalamic nucleus (>1840)  (VPL)
							Principal part (Swanson, 2004)  (VPLpr)
							Parvicellular part (>1840)  (VPLpc)
					Subparafascicular nucleus (>1840)  (SPF)
						Magnocellular part (>1840)  (SPFm)
						Parvicellular part (>1840)  (SPFp)
							medial division (>1840)  (SPFpm)
							lateral division (>1840)  (SPFpl)
					Peripeduncular nucleus (>1840)  (PP)
				Lateral thalamic nuclei (>1840)  (LAT)
					Lateral posterior thalamic nucleus (>1840)  (LP)
				Posterior thalamic nuclei (>1840)  (POT)
					Posterior thalamic complex (>1840)  (PO)
					Suprageniculate nucleus (>1840)  (SGN)
					Posterior limiting thalamic nucleus (>1840)  (POL)
				Dorsal lateral geniculate nucleus (>1840)  (LGd)
				Medial geniculate complex (>1840)  (MG)
					Medial part (>1840)  (MGm)
					Ventral part (>1840)  (MGv)
					Dorsal part (>1840)  (MGd)
			Epithalamus (His, 1893b)  (THe)
				Habenular nuclei (>1840)  (H)
					Medial habenula (>1840)  (MH)
					Lateral habenula (>1840)  (LH)
	Midbrain (Baer, 1837)  (MB)
		Tegmentum (Swanson, 2000b)  (TG)
			Oculomotor nucleus (>1840)  (III)
			Trochlear nucleus (>1840)  (IV)
			Medial accessory oculomotor nucleus (>1840)  (MAN)
			Edinger-Westphal nucleus (>1840)  (EW)
			Nucleus of Darkschewitsch (>1840)  (ND)
			Interstitial nucleus (>1840)  (INC)
			Medial terminal nucleus of accessory optic tract (>1840)  (MT)
			Lateral terminal nucleus of accessory optic tract (>1840)  (LT)
			Dorsal terminal nucleus of accessory optic tract (>1840)  (DT)
			Rostral linear raphe nucleus (>1840)  (RL)
			Interfascicular raphe nucleus (>1840)  (IF)
			Interpeduncular nucleus (>1840)  (IPN)
				rostral subnucleus (>1840) (IPNr)
				apical subnucleus (>1840) (IPNa)
				dorsomedial subnucleus (>1840) (IPNd)
				lateral subnucleus (>1840) (IPNl)
					rostral part (>1840) (IPNlr)
					intermediate part (>1840)  (IPNli)
					ventral part (>1840)  (IPNlv)
					dorsal part (>1840) (IPNld)
				intermediate subnucleus (>1840) (IPNi)
				central subnucleus (>1840) (IPNc)
			Central linear raphe nucleus (>1840)  (CLI)
			Superior central raphe nucleus (>1840)  (CS)
				medial part (>1840) (CSm)
				lateral part (>1840) (CSl)
			Dorsal raphe nucleus (>1840)  (DR)
			Substantia nigra (Soemmerring, 1791)  (SN)
				Compact part (Sano, 1910)  (SNc)
				Reticular part (Sano, 1910)  (SNr)
			Ventral tegmental area (Tsai, 1925)  (VTA)
			Red nucleus (Burdach, 1822)  (RN)
			Anterior tegmental nucleus (Paxinos & Butcher, 1985)  (AT)
			Midbrain reticular nucleus (>1840)  (MRN)
				Magnocellular part (Swanson, 2004)  (MRNm)
				Parvicellular part (Swanson, 2004)  (MRNp)
				Retrorubral area (Berman, 1968)  (RR)
			Periaqueductal gray (>1840)  (PAG)
				Precommissural nucleus (Paxinos & Watson, 1986)  (PRC)
				Commissural nucleus (Swanson, 1998)  (COM)
				Rostromedial division (Swanson, 1998)  (PAGrm)
				Rostrolateral division (Swanson, 1998)  (PAGrl)
				Medial division (Beitz, 1985)  (PAGm)
				Ventromedial column (Swanson, 2018)  (PAGvm)
				Ventrolateral column (Carrive et al., 1997)  (PAGvl)
				Lateral column (Carrive et al., 1997)  (PAGl)
				Dorsolateral column (Carrive et al., 1997)  (PAGdl)
				Dorsomedial column (Carrive et al., 1997)  (PAGdm)
			Cuneiform nucleus (>1840)  (CUN)
			Pretectal region (>1840)  (PRT)
				Olivary pretectal nucleus (>1840)  (OP)
				Nucleus of optic tract (>1840)  (NOT)
				Posterior pretectal nucleus (>1840)  (PPT)
				Nucleus of posterior commissure (>1840)  (NPC)
				Anterior pretectal nucleus (>1840)  (APN)
				Medial pretectal area (>1840)  (MPT)
			Midbrain nucleus of trigeminal nerve (>1840)  (MEV)
			Nucleus sagulum (>1840)  (SAG)
			Parabigeminal nucleus (>1840)  (PBG)
			Nucleus of brachium of inferior colliculus (>1840)  (NB)
		Tectum (Baer, 1837)  (TC)
			Superior colliculus (Haller, 1762)  (SC)
				zonal layer (>1840) (SCzo)
				superficial gray layer (>1840) (SCsg)
				sublayer a of intermediate gray layer (>1840) (SCig.a)
				sublayer b of intermediate gray layer (>1840) (SCig.b)
				sublayer c of intermediate gray layer (>1840) (SCig.c)
				deep gray layer (>1840) (SCdg)
			Inferior colliculus (Haller, 1762)  (IC)
				Central nucleus (>1840)  (ICc)
				Dorsal nucleus (>1840)  (ICd)
				External nucleus (>1840)  (ICe)
	Rhombic brain (His, 1893b)  (RB)
		Hindbrain (Baer, 1837)  (HB)
			Pons (Haller, 1747)  (P)
				Abducens nucleus (>1840)  (VI)
				Accessory abducens nucleus (>1840)  (ACVI)
				Motor nucleus of trigeminal nerve (>1840)  (V)
					Magnocellular part (>1840)  (Vma)
					Parvicellular part (>1840)  (Vpc)
				Efferent vestibular nucleus (>1840)  (EV)
				Pontine nuclei, general (Swanson, 2018)  (PONg)
					Pontine nuclei (Jacobsohn, 1909)  (PON)
					Tegmental reticular nucleus (>1840)  (TRN)
				Magnus raphe nucleus (>1840)  (RM)
				Pontine raphe nucleus (>1840)  (RPO)
				Pontine reticular nucleus (>1840)  (PRN)
					Rostral part (>1840)  (PRNr)
					Caudal part (>1840)  (PRNc)
				Pedunculopontine nucleus (>1840)  (PPN)
				Supratrigeminal nucleus (>1840)  (SUT)
				Ventral tegmental nucleus (>1840)  (VTN)
				Pontine central gray general (Swanson, 2004)  (PCGg)
					Pontine central gray (>1840)  (PCG)
					Nucleus incertus (Streeter, 1903)  (NI)
						compact part (Goto et al., 2001)  (NIc)
						diffuse part (Goto et al., 2001)  (NId)
					Lateral tegmental nucleus (Swanson, 1998)  (LTN)
					Dorsal tegmental nucleus (>1840)  (DTN)
					Sublaterodorsal nucleus (>1840)  (SLD)
					Laterodorsal tegmental nucleus (>1840)  (LDT)
					Barrington’s nucleus (>1840)  (B)
					Subceruleus nucleus (Meessen & Olszewski, 1949)  (SLC)
					Locus ceruleus (Wenzel & Wenzel, 1812)  (LC)
					Supragenual nucleus (Meessen & Olszewski, 1949)  (SG)
				Parabrachial nucleus (>1840)  (PB)
					Medial division (>1840)  (PBm)
						Ventral part (Swanson, 1992a)  (PBmv)
						Medial part (Fulwiler & Saper, 1984)  (PBmm)
						External part (Fulwiler & Saper, 1984)  (PBme)
					Kölliker-Fuse subnucleus (>1840)  (KF)
					Lateral division (>1840)  (PBl)
						Ventral part (>1840)  (PBlv)
						Internal part (>1840)  (PBli)
						Central part (>1840)  (PBlc)
						External part (>1840)  (PBle)
						Extreme part (>1840)  (PBlex)
						Superior part (>1840)  (PBls)
						Dorsal part (>1840)  (PBld)
				Principal sensory nucleus of trigeminal nerve (>1840)  (PSV)
				Nucleus of lateral lemniscus (>1840)  (NLL)
					ventral part (>1840)  (NLLv)
					horizontal part (>1840)  (NLLh)
					dorsal part (>1840)  (NLLd)
				Superior olivary complex (>1840)  (SOC)
					medial part (>1840)  (SOCm)
					lateral part (>1840)  (SOCl)
					periolivary region (>1840)  (POR)
					efferent cochlear group (>1840)  (ECO)
				Nucleus of trapezoid body (>1840)  (NTB)
				Superior vestibular nucleus (>1840)  (SUV)
				Lateral vestibular nucleus (>1840)  (LAV)
				Nucleus y (>1840)  (y)
				Infracerebellar nucleus (>1840)  (ICB)
			Cerebellum (Aristotle)  (CB)
				Cerebellar nuclei (>1840)  (CBN)
					Fastigial nucleus (>1840)  (FN)
					Interposed nucleus  (>1840) (IP)
						Principal part (>1840)  (IPpr)
						Parvicellular part (>1840)  (IPpc)
					Dentate nucleus (>1840)  (DN)
						Magnocellular part (>1840)  (DNm)
						Parvicellular part (>1840)  (DNp)
				Cerebellar cortex (Willis, 1664)  (CBX)
					Cerebellar vermis (Meckel, 1817)  (VERM)
						Lingula (Malacarne, 1776)  (LING) or Lobule I (>1840) (LI)
						Central lobule (Burdach, 1822)  (CENT) or Lobules II,III (>1840) (LII,III)
							sublobule a of lobule II (>1840) (CENT2a)
							sublobule bs of lobule II (>1840) (CENT2bs)
							sublobule a of lobule III (>1840) (CENT3a)
							sublobule bs of lobule III (>1840) (CENT3bs)
						Culmen (Stroud, 1895)  (CUL) or Lobules IV,V (>1840) (LIV,V)
							ventral lobule (>1840)  (CULv)
							dorsal lobule (>1840)  (CULd)
						Declive (>1840)   (DEC) or Lobule VI (>1840) (LVI)
							sublobules a-d (>1840) (DECa-d)
						Folium-tuber vermis (>1840)  (FOTU) or Lobule VII (>1840) (LVII)
						Pyramis (Malacarne, 1776)  (PYR) or Lobule VIII (>1840) (LVIII)
							sublobules a,b (>1840) (PYRa,b)
						Uvula (Malacarne, 1776)  (UVU) or Lobule IX (>1840) (LIX)
							sublobules ab,c (>1840) (UVUab,c)
						Nodule (Reil, 1807-1808a)  (NOD) or Lobule X (>1840) (LX)
							sublobules a,b (>1840) (NODa,b)
					Cerebellar hemisphere (Willis, 1664)  (HEM)
						Simple lobule (Jansen & Brodal, 1954)  (SIM)
						Ansiform lobule (Bolk, 1906) (AN)
							Ansiform lobule crus 1 (Bolk, 1906)  (ANcr1)
								sublobules a-d (>1840) (ANcr1a-d)
							Ansiform lobule crus 2 (Bolk, 1906)  (ANcr2)
								sublobules a,b (>1840) (ANcr2a,b)
						Paramedian lobule (>1840)  (PRM)
						Copula pyramidis (>1840)  (COPY)
							sublobules a,b (>1840) (COPYa,b)
						Paraflocculus (Stroud, 1895)  (PFL)
						Flocculus (Meckel, 1817)  (FL)
		Afterbrain (Baer, 1837) (AFB)  or Medulla (Winslow, 1733) (MY)
			Facial nucleus (>1840)  (VII)
			Accessory facial nucleus (>1840)  (ACVII)
			Hypoglossal nucleus (>1840)  (XII)
			Superior salivatory nucleus (>1840) (SSN)
			Inferior salivatory nucleus (>1840)  (ISN)
			Ambiguus nucleus ventral division (>1840)  (AMBv)
			Ambiguus nucleus dorsal division (>1840)  (AMBd)
			Dorsal motor nucleus of vagus nerve (>1840)  (DMX)
			Pallidal raphe nucleus (>1840)  (RPA)
			Obscurus raphe nucleus (>1840)  (RO)
			Paragigantocellular reticular nucleus (>1840)  (PGRN)
				Lateral part (>1840)  (PGRNl)
				Dorsal part (>1840)  (PGRNd)
			Magnocellular reticular nucleus (>1840)  (MARN)
			Gigantocellular reticular nucleus (>1840)  (GRN)
			Parvicellular reticular nucleus (>1840)  (PARN)
			Parapyramidal nucleus (Swanson, 1998)  (PPY)
				deep part (Swanson, 1998)  (PPYd)
				superficial part (Fukuda et al., 1993)  (PPYs)
			Medullary reticular nucleus (>1840)  (MDRN)
				Ventral part (>1840)  (MDRNv)
				Dorsal part (>1840)  (MDRNd)
			Inferior olivary complex (>1840)  (IO)
				Medial accessory olive (>1840)  (IOma)
				Principal olive (>1840)  (IOpr)
				Dorsal accessory olive (>1840)  (IOda)
			Lateral reticular nucleus (>1840)  (LRN)
				Magnocellular part (>1840)  (LRNm)
				Parvicellular part (>1840)  (LRNp)
			Linear medullary nucleus (>1840)  (LIN)
			Paramedian reticular nucleus (>1840)  (PMR)
			Parasolitary nucleus (>1840)  (PAS)
			Cochlear nuclei (>1840)  (CN)
				Ventral cochlear nucleus (>1840)  (VCO)
					Anterior part (>1840)  (VCOa)
					Posterior part (>1840)  (VCOp)
				Dorsal cochlear nucleus (>1840)  (DCO)
				Subpeduncular granular region (>1840)  (CNspg)
				Granular lamina (>1840)  (CNlam)
				Interstitial nucleus of auditory nerve (>1840)  (IAN)
			Medial vestibular nucleus (>1840)  (MV)
			Spinal vestibular nucleus (>1840)  (SPIV)
			Perihypoglossal nuclei (>1840)  (PHY)
				Nucleus intercalatus (>1840)  (NIS)
				Nucleus prepositus (>1840)  (PRP)
				Nucleus of Roller (>1840)  (NR)
			Interstitial nucleus of vestibular nerve (>1840)  (INV)
			Nucleus x (>1840)  (x)
			Nucleus of solitary tract (>1840)  (NTS)
				Medial part (>1840)  (NTSm)
					Rostral zone (>1840)   (NTSmr)
					Caudal zone general (>1840)   (NTSmcg)
						caudal subzone (>1840) (NTSmc)
						central subzone (>1840)  (NTSce)
						gelatinous subzone (>1840)  (NTSge)
				Lateral part (>1840)  (NTSl)
				Commissural part (>1840)  (NTSco)
			Area postrema (>1840)  (AP)
			Dorsal column nuclei (>1840)  (DCN)
				Gracile nucleus (>1840)  (GR)
					principal part (>1840)  (GRp)
					median part (>1840)  (GRm)
				Nucleus z (>1840)  (z)
				Cuneate nucleus (>1840)  (CU)
				Accessory cuneate nucleus (>1840)  (ACU)
			Paratrigeminal nucleus (>1840)  (PAT)
			Spinal nucleus of trigeminal nerve (>1840)  (SPV)
				Oral part (>1840)  (SPVO)
					ventrolateral part (>1840) (SPVOvl)
					rostral dorsomedial part (>1840) (SPVOrdm)
					middle dorsomedial part (>1840) (SPVOmdm)
						ventral zone (>1840) (SPVOmdmv)
						dorsal zone (>1840) (SPVOmdmd)
					caudal dorsomedial part (>1840) (SPVOcdm)
				Interpolar part (>1840)  (SPVI)
				Caudal part (>1840)  (SPVC)
	Spinal cord (Galen, c162-c166)  (SP)
		Ventral horn (>1840)  (VH)
			Nucleus of spinal accessory nerve (>1840)  (XI)
			Ventral horn proper (Swanson, 2018)  (VHp)
			Nucleus of bulbocavernosus (>1840)  (NBC)
			Onuf’s nucleus (>1840)  (ON)
			Phrenic nucleus (>1840)  (PN)
		Intermediate spinal zone (>1840)  (IZ)
			Spinal central gray (>1840)  (SCG)
			Intermediomedial nucleus (>1840)  (IMM)
			Dorsal commissural nucleus (>1840)  (DOC)
			Intermediate spinal zone proper (>1840)  (IZp)
			Intercalated spinal nucleus (>1840)  (ICS)
			Central cervical nucleus (>1840)  (CEC)
			Dorsal thoracic nucleus (>1840)  (DTH)
				Rostral part (>1840)  (DTHr)
				Caudal part (>1840)  (DTHc)
			Intermediolateral nucleus (>1840)  (IML)
			Thoracolumbar part (>1840)  (IMLtl)
			Sacral part (>1840)  (IMLsa)
		Dorsal horn (>1840)  (DH)
			Basal nucleus of dorsal horn general (>1840)  (BNg)
				Basal nucleus of dorsal horn (>1840)  (BN)
				Lateral cervical nucleus (>1840)  (LCN)
				Lateral spinal nucleus (>1840)  (LSN)
			Nucleus proprius of spinal cord (>1840)  (NP)
			Spinal reticular nucleus (>1840)  (SRN)
			Gelatinous substance of spinal cord (>1840)  (GES)
			Marginal zone of spinal cord (>1840)  (MZ)